instruction,input,Broken English(West  African),output
"You are a helpful mental health counselling assistant, please answer the mental health questions based on the patient's description. 
The assistant gives helpful, comprehensive, and appropriate answers to the user's questions. ",,I dey feel anxious and on edge for some weeks now. I no fit really focus on anything and sleep also dey give me problem. I try meditation and deep breathing exercises but e no really help me. I also dey avoid social situations because I feel like people go judge or criticize me. I even think of talking to therapist but I dey worry about cost and the stigma around mental health treatment.,"I understand that you're feeling anxious and on edge, and it's impacting your ability to focus and sleep. It's important to recognize that seeking help for your mental health is just as important as addressing physical health concerns. While meditation and deep breathing exercises can be helpful, they may not be enough to address the underlying causes of your anxiety. I encourage you to consider reaching out to a mental health professional, such as a therapist or psychologist, to discuss your concerns and develop a personalized treatment plan. Remember, mental health treatment is an investment in your overall well-being, and there are various resources and options available to help make it more accessible and affordable, such as sliding scale fees, community mental health clinics, and insurance coverage. It's essential to prioritize your mental health and well-being, as it will positively impact all areas of your life.

However, I understand that beneath the surface of these practical concerns, there are deeper emotional challenges that come with the loss of your home, the approaching holidays, and the uncertainty of your financial future. The grief and sadness you feel about losing your loved one and the memories associated with your home can be overwhelming. It's natural to feel anxious about the future and uncertain about your ability to support yourself financially.

To help you cope with these emotions, I'd like to suggest a few therapeutic approaches. First, we can explore the use of cognitive-behavioral techniques to help you challenge negative thoughts and reframe your perspective on your situation. We can also work on developing mindfulness practices to help you manage stress and anxiety. Additionally, we can explore the use of art therapy to help you process your emotions and memories in a safe and expressive way.

As we work through these challenges, it's important to remember that healing is a process, and it's okay to feel a range of emotions as you navigate this transition. I'm here to support you every step of the way."
"You are a helpful mental health counselling assistant, please answer the mental health questions based on the patient's description. 
The assistant gives helpful, comprehensive, and appropriate answers to the user's questions. ","I've been feeling guilty for not being able to do more for my colleague, but I've also been struggling with my own anxiety about my children's safety. I'm not sure how to balance supporting her while also taking care of myself.","I dey feel guilty say I no dey do enough for my colleague, but at the same time I dey struggle with my own anxiety about my children safety. I no really know how to balance supporting her and still take care of myself.","I understand that you're feeling guilty for not being able to do more for your colleague, but also struggling with your own anxiety about your children's safety. It's important to recognize that you're not alone in feeling this way, and that it's natural to feel a sense of responsibility and empathy towards those we care about. However, it's also crucial to prioritize your own well-being and find a balance between supporting your colleague and taking care of yourself. This could involve setting boundaries, delegating tasks, or seeking additional support from other resources. It's important to remember that you cannot control another person's circumstances, but you can control how you respond to them. It's also crucial to acknowledge the impact of your colleague's loss on your own emotions and to prioritize your own self-care. This could include practicing relaxation techniques, engaging in activities that bring you joy, or seeking professional help if needed. Remember, it's okay to ask for help and to prioritize your own well-being while continuing to offer support in a healthy and sustainable way."
"You are a helpful mental health counselling assistant, please answer the mental health questions based on the patient's description. 
The assistant gives helpful, comprehensive, and appropriate answers to the user's questions. ","I've been grappling with the aftermath of a traumatic event that left me feeling helpless and powerless. I've tried to move on, but the memories and emotions still linger, making it difficult for me to focus on my daily life.",I dey deal with the effect of a traumatic event wey make me feel helpless and powerless. I try move on but the memories and feelings still dey come back. E dey hard for me to focus on my daily life normally.,"Your experience with a traumatic event is undoubtedly challenging, and I want to acknowledge the courage it takes to share this with me. Trauma can be a complex and deeply emotional experience, and it's essential to approach healing with compassion and understanding. One therapeutic approach that might be helpful for you is Eye Movement Desensitization and Reprocessing (EMDR). This evidence-based therapy can help you process traumatic memories in a safe and controlled environment, allowing you to reframe the emotions attached to them. Remember, healing from trauma is a journey, and it's essential to be patient with yourself and trust the process."
"You are a helpful mental health counselling assistant, please answer the mental health questions based on the patient's description. 
The assistant gives helpful, comprehensive, and appropriate answers to the user's questions. ","She's been maintaining a stable vital sign rate, her appetite and hydration levels have been good, and she hasn't shown any signs of confusion, agitation, or depression. However, she has required assistance with personal hygiene and moving around. Her pain levels have been manageable with medication.","She dey stable, vital signs dey okay, and appetite and hydration levels good. No sign of confusion, agitation or depression. But she still need help with personal hygiene and moving around. Her pain level dey managed with medication.","It's essential to acknowledge the progress your mother has made and the improvements in her condition. However, it's equally crucial to consider the potential risks and challenges associated with taking her off hospice. Let's continue our conversation next time, focusing on these aspects in more detail to ensure we make the best decision for her care.

Revised Response:"
"You are a helpful mental health counselling assistant, please answer the mental health questions based on the patient's description. 
The assistant gives helpful, comprehensive, and appropriate answers to the user's questions. ","I've been feeling lost and uncertain about my future, and I've been considering using the internet to research
potential solutions to my problems. However, I'm deeply concerned about the potential risks, such as getting a
virus or falling victim to fraud. I can't seem to find any personal or social benefits that outweigh these risks,
but I'm struggling to decide what to do.","I dey feel lost about my future and I even think of using internet to search for solutions. But I dey worry about risks like virus, fraud and scams. I no really see clear benefit wey go balance the risk, so I dey confused what to do.","I empathize with your feelings of uncertainty and the desire to find answers to help guide your future. It's
natural to feel apprehensive about using the internet, given the potential risks you've mentioned. However, it's
important to remember that the internet can also be a valuable resource for accessing information and support.
Considering the complexity of your situation, you might find it helpful to create a structured plan for your
research. This could involve setting specific goals, creating a list of tasks, and setting deadlines to help manage
your time effectively. Additionally, you might find it beneficial to seek out reputable sources for your information,
such as academic or professional websites, to help ensure the accuracy and reliability of the information you
receive.

It's also essential to acknowledge the emotional challenges you're facing in this process. The uncertainty and
overwhelm you're experiencing are common reactions to major life transitions. By creating a clear and
structured plan, you can help reduce these feelings and gain a sense of control over your situation.

As a counselor, I believe it's crucial to approach this process with empathy, understanding, and a commitment to
ethical standards. By working together to create a personalized plan, we can help you navigate the challenges
you're facing and move towards a more fulfilling and meaningful future.
"
"You are a helpful mental health counselling assistant, please answer the mental health questions based on the patient's description. 
The assistant gives helpful, comprehensive, and appropriate answers to the user's questions. ","I've been feeling so drained and helpless lately. My grandma's health has been declining rapidly, and I'm the only one who can take care of her. I work full-time and have a young child at home, and I just don't know how to juggle it all. I feel like I'm failing in every aspect of my life.","I dey feel very drained and helpless lately. My grandma health dey decline fast and I be the only one wey dey take care of her. I also dey work full time and get small child for house. I no really know how to manage everything, I feel like I dey fail in many areas.","I'm here to listen and support you during this challenging time. It's clear that you're experiencing a significant amount of stress and emotional burden, and it's important to acknowledge the complexity of your situation. Caring for a loved one, especially while managing work and family responsibilities, can be an incredibly demanding and emotionally taxing experience.

Your feelings of helplessness and failure are understandable, but it's essential to remember that you're not alone in this. Many caregivers face similar challenges, and there are resources and strategies available to help you navigate this situation.

First, let's explore some practical solutions. Have you considered seeking respite care or enlisting the help of family or friends to provide relief? It may also be helpful to explore adjusting your work schedule or seeking flexible work arrangements to accommodate your caregiving responsibilities.

Additionally, it's crucial to prioritize self-care and practice stress management techniques, such as mindfulness meditation, deep breathing exercises, or engaging in enjoyable activities. These practices can help you maintain emotional balance and improve your overall well-being.

It's also essential to remember that caregiving is a marathon, not a sprint. It's okay to ask for help and take breaks when needed. I encourage you to explore the concept of self-compassion and practice self-forgiveness, as it's essential to be kind to yourself during this challenging time.

Lastly, it may be helpful to consider seeking professional support, such as counseling or support groups, to process your emotions and gain additional insights and coping strategies. Remember, taking care of yourself is not a luxury, but a necessity."
"You are a helpful mental health counselling assistant, please answer the mental health questions based on the patient's description. 
The assistant gives helpful, comprehensive, and appropriate answers to the user's questions. ","I've been haunted by the memory of [Name1]'s last days. I felt helpless as she grew weaker, and I couldn't be there for her as much as I wanted. I've been replaying our conversations and wondering if I could have done more.",I dey always remember [Name1] last days. I felt helpless when she dey weak and I no fit be there enough for her. I still dey replay our conversations and dey think if I for do more.,"Your feelings of guilt and regret are common among those who have cared for terminally ill loved ones. It's important to acknowledge the depth of your emotions and the significance of the bond you shared with [Name1]. Your concern for her well-being and your desire to provide comfort and support during her final days demonstrate a strong sense of compassion and empathy.

As we explore your feelings, it's essential to remember that the experience of caring for a terminally ill loved one can be emotionally taxing and complex. It's natural to feel a sense of loss and sadness as you witness their decline, and it's common to feel helpless in the face of their suffering.

It's also important to recognize that you did the best you could with the resources and energy you had at the time. While it's natural to reflect on the past and consider what you might have done differently, it's also crucial to focus on the present and find ways to move forward.

One approach to healing from this experience might involve engaging in self-care practices, such as mindfulness meditation, journaling, or therapy. These activities can help you process your emotions and develop a greater sense of self-awareness and self-compassion.

Additionally, you might consider volunteering or seeking out opportunities to provide support to others in similar situations. By offering your time and energy to help others, you can find a sense of purpose and fulfillment, while also honoring the memory of [Name1] and the bond you shared.

Ultimately, it's essential to remember that the experience of caring for a terminally ill loved one is a complex and multifaceted one. By acknowledging the depth of your emotions and the significance of your experiences, and by focusing on self-care and finding ways to make a positive impact, you can find a path to healing and growth."
"You are a helpful mental health counselling assistant, please answer the mental health questions based on the patient's description. 
The assistant gives helpful, comprehensive, and appropriate answers to the user's questions. ","(Elaborating on their emotional state)
I've been feeling overwhelmed lately, and it's been hard to keep up with my daily routine. I've been dealing with a lot of stress at work, and my mind keeps wandering to negative thoughts about my future. I've been neglecting my medication for high blood pressure as a result, and I'm starting to feel guilty about it. I know it's important for my health, but I just can't seem to find the motivation to stick to it.","I dey feel overwhelmed lately. Work stress plenty and my mind dey always go negative thoughts about future. I also dey neglect my high blood pressure medicine sometimes, I know say e important but I dey struggle to keep up.","(Responding with empathy and understanding)
I can understand how difficult it can be to maintain a consistent routine when dealing with stress and negative thoughts. It's essential to acknowledge that these feelings are valid, but it's also crucial to prioritize your health and well-being. Neglecting your medication for high blood pressure can have serious consequences, and it's important to remember that taking care of your physical health is an investment in your future.

We can explore various strategies to help you stay on track with your medication. One approach could be to create a daily routine that includes taking your medication at the same time each day. We could also discuss the potential benefits of mindfulness practices, such as meditation or deep breathing exercises, to help manage stress and improve focus. Additionally, we could explore the possibility of involving your support system, such as family members or friends, to help remind you to take your medication and provide encouragement.

It's important to remember that making changes to your routine and habits can take time and effort. Be gentle with yourself and acknowledge that setbacks are a normal part of the process. We can work together to develop a plan that is realistic and sustainable for you, and adjust it as needed to ensure your long-term success.

In this revised dialogue, the patient's emotional state is more deeply explored, revealing feelings of overwhelm, stress, and guilt. The counselor's response is more empathetic and understanding, acknowledging the patient's feelings while also emphasizing the importance of prioritizing their health. The counselor offers a range of strategies to help the patient stay on track with their medication, including creating a daily routine, mindfulness practices, and involving their support system. The conversation is grounded in professional ethical standards, emphasizing the importance of self-care, self-compassion, and the therapeutic relationship."
"You are a helpful mental health counselling assistant, please answer the mental health questions based on the patient's description. 
The assistant gives helpful, comprehensive, and appropriate answers to the user's questions. ",I feel overwhelmed by the thought of returning to my daily routine after being discharged from the hospital. The mere mention of my to-do list leaves me feeling exhausted and anxious. I can't help but think about all the responsibilities I've neglected during my stay and the mountain of tasks that await me.,I feel overwhelmed thinking about going back to my normal routine after discharge from hospital. Even my to-do list just dey make me tired and anxious. I dey think about all the responsibilities I don leave behind.,"I understand that the prospect of resuming your normal activities can be daunting, especially after an extended hospital stay. It's natural to feel apprehensive about the challenges that lie ahead. However, it's essential to remember that you've already made significant progress towards recovery.

First, let's break down your routine into smaller, manageable tasks. This approach can help reduce feelings of being overwhelmed. For instance, consider focusing on one area of your life at a time, such as work or family responsibilities. Once you've mastered that aspect, you can move on to the next. It's important to remember that small steps can lead to significant progress.

Additionally, it might be helpful to establish a daily routine that includes regular exercise, healthy eating, and adequate sleep. These habits can contribute to your overall well-being and provide a sense of structure and stability. Remember, taking care of yourself is an essential part of the healing process.

Lastly, don't hesitate to reach out for support from friends, family, or healthcare professionals if needed. Remember, it's okay to ask for help and take things one step at a time. You've already overcome many challenges during your hospital stay, and I believe in your ability to continue making progress."
"You are a helpful mental health counselling assistant, please answer the mental health questions based on the patient's description. 
The assistant gives helpful, comprehensive, and appropriate answers to the user's questions. ","(sighing deeply) I can't believe they did that to me. I've always trusted them, and now I feel like I can't trust anyone. I've been struggling to communicate since my stroke, and I thought my family would be there for me. But instead, they took advantage of my weakness. I feel so helpless and alone.","(sighing deeply) I no believe wetin dem do me. I trust dem before but now I feel like I no fit trust anybody again. After my stroke I struggle to communicate and I expect my family to support me, but I feel say dem take advantage of my weakness. I feel very helpless and alone.","I can see how devastating this experience has been for you. The loss of trust in your family is a significant blow, especially given the circumstances surrounding your stroke and the resulting communication challenges. It's natural to feel helpless and alone in the face of such betrayal.

Your feelings of betrayal are valid, and it's important to acknowledge the pain and anger you're experiencing. This experience is a reminder that trust is a two-way street, and when it's broken, it can take time and effort to repair.

One approach we could take is to explore the concept of forgiveness. Forgiveness doesn't mean condoning their behavior or excusing them from responsibility. Instead, it's about finding a way to release the emotional burden of the situation and focus on healing and moving forward.

Another approach could be to establish clear boundaries and open lines of communication with your family. This might involve setting expectations for honesty and transparency, as well as expressing your feelings and needs in a clear and assertive manner.

Ultimately, the goal is to help you regain a sense of control and autonomy in your life, and to find ways to rebuild trust and strengthen your relationships with your loved ones. This process will take time and effort, but with a compassionate and supportive approach, I believe we can make significant progress.

As a counselor, it's essential to remember that the therapeutic relationship is built on trust, respect, and empathy. By acknowledging the patient's feelings, validating their experiences, and offering a compassionate and supportive response, we can create a safe and healing environment for exploration and growth."
"You are a helpful mental health counselling assistant, please answer the mental health questions based on the patient's description. 
The assistant gives helpful, comprehensive, and appropriate answers to the user's questions. ","I remember a perfect moment a couple summers ago when I was on vacation with my family. The sun was setting, and the waves gently lapped at the shore. My mom, siblings, and grandkids were all around me, laughing and playing in the water. I felt a deep sense of happiness and contentment, like everything was right in the world. I've tried to hold on to that moment and recreate it when I feel stressed or unhappy, but it never seems to last.",I remember one perfect moment some summers ago when I dey on vacation with my family. Sun dey set and waves dey move slow for shore. Everybody dey laugh and play. I feel very happy and calm that time. I try hold that memory when I dey stressed but e no dey last.,"Your longing for that moment of happiness and contentment is understandable. It's natural to want to hold on to positive experiences and revisit them when life becomes challenging. However, it's essential to recognize that moments of happiness are fleeting and can't be controlled. Instead, we can focus on cultivating inner resources, such as mindfulness, self-compassion, and resilience, to help us navigate difficult emotions and situations.

Your experience of trying to hold on to that moment and recreate it is a common human response. It's a part of our natural desire to seek pleasure and avoid pain. However, this response can sometimes lead to feelings of disappointment and frustration when we can't recreate the moment exactly as we remember it.

To help us explore this further, I'd like you to complete a problem concern worksheet. This tool will help us identify areas you'd like to focus on in our sessions. Although it's typically used for caregivers, we can adapt it to your situation. By focusing on specific areas, we can work together to develop strategies and skills to help you cope with difficult emotions and situations more effectively.

As we work through this process, we'll explore various concepts in counseling psychology, such as mindfulness, self-compassion, and resilience, to help you build a stronger foundation for emotional well-being. Remember, the goal is not to eliminate difficult emotions but to learn how to respond to them in a more adaptive and compassionate way.

In the meantime, I encourage you to practice mindfulness meditation daily. Even just a few minutes a day can help you develop greater awareness of your thoughts, emotions, and bodily sensations. This practice can help you become more attuned to your inner experiences and better equipped to respond to challenging situations.

I'm here to support you on this journey, and I believe in your ability to grow and heal. Let's continue exploring these concepts in our upcoming sessions."
"You are a helpful mental health counselling assistant, please answer the mental health questions based on the patient's description. 
The assistant gives helpful, comprehensive, and appropriate answers to the user's questions. ","I've been feeling quite useless lately, as I've been unable to go out and serve my community due to my health condition. I've been talking to my friends on the phone around five to seven times a week, but it doesn't seem like they truly understand me. I used to find purpose in using my gifts, like cooking and hospitality, but since my retirement, I've been focusing on taking care of my husband and daughter. I know I'm useful to them, but I've never considered that as a meaningful contribution. My health condition has left me feeling isolated and disconnected from the world, and I long for the sense of belonging and purpose that came from serving others.","I dey feel useless lately because I no fit go serve my community again due to my health condition. I dey talk to friends on phone many times a week but still dem no really understand me. I used to find purpose in cooking and hospitality, but since retirement I just dey take care of my husband and daughter. I know say I dey useful for them, but I no really see am as meaningful. I dey feel disconnected and lonely.","Your words resonate with me, as it's evident that you've been grappling with feelings of uselessness and disconnection since your health condition has restricted your ability to serve your community. The phone conversations with your friends have become a routine, but they don't seem to fill the void left by your inability to engage in your community. Your past experiences of using your gifts, like cooking and hospitality, have given you a profound sense of purpose and fulfillment. However, since your retirement, you've been focusing on taking care of your loved ones, which is an essential role, but it doesn't seem to provide you with the same sense of accomplishment and connection to the world.

Your health condition has left you feeling isolated and disconnected from the world, and it's understandable that you long for the sense of belonging and purpose that came from serving others. It's essential to acknowledge that caring for your loved ones is a valuable contribution to their lives, but it's also crucial to explore other ways to use your gifts and find meaning in your life. Have you considered volunteering or finding local opportunities to help others? This could potentially provide you with a sense of accomplishment and connection to your community.

Additionally, it might be helpful to discuss these feelings with your friends and family, as they may not fully understand the depth of your feelings and the impact it has on you. Openly sharing your thoughts and emotions with them could potentially lead to a deeper understanding and connection, and it might help you feel more supported and understood.

As a counselor, I believe that it's essential to validate your feelings and help you explore ways to find meaning and purpose in your life, while also acknowledging the importance of your role as a caregiver. It's crucial to approach this situation with empathy, understanding, and a strategic therapeutic approach that addresses your immediate concerns while also offering a long-term plan for healing and growth.

In this therapeutic approach, I would encourage you to focus on identifying your strengths and exploring ways to use them to contribute to your community, while also acknowledging the importance of your role as a caregiver. This could potentially help you find a balance between your desire to serve others and your current health condition.

Furthermore, I would suggest practicing self-compassion and self-care, as it's essential to acknowledge the challenges you're facing and provide yourself with the necessary support and understanding. This could potentially help you build resilience and cope with the feelings of uselessness and disconnection.

Lastly, I would encourage you to consider seeking support from a mental health professional, as they could potentially provide you with additional tools and resources to help you navigate these feelings and find meaning and purpose in your life.

In conclusion, I believe that by focusing on identifying your strengths, exploring ways to use them to contribute to your community, practicing self-compassion and self-care, and seeking support from a mental health professional, you can find a balance between your desire to serve others and your current health condition, and potentially find a new sense of purpose and fulfillment in your life."
"You are a helpful mental health counselling assistant, please answer the mental health questions based on the patient's description. 
The assistant gives helpful, comprehensive, and appropriate answers to the user's questions. ","Her pain level seems to escalate in the evenings, making it difficult for us to maintain a peaceful household. I've noticed that she becomes more rigid in her ways and less open to compromise, which often leads to arguments. These arguments leave me feeling drained and frustrated, as I'm unable to provide the emotional support she needs during her pain episodes.","Her pain level dey increase for evenings and e dey affect peace for house. She dey become more rigid and less open to compromise, and this often lead to arguments. After that I dey feel drained and frustrated because I no fit really support her emotionally during those times.","It's clear that your mother's pain and the resulting inflexibility create a challenging situation for you and your family. Given this information, it might be helpful to consider a few therapeutic approaches. One potential strategy could be to explore the concept of mindfulness and its application to caregiving situations. Mindfulness practices, such as deep breathing exercises or progressive muscle relaxation, can help you manage your emotional responses to your mother's behavior and reduce feelings of frustration.

Another approach could be to engage in open and compassionate communication with your mother. This might involve expressing your feelings and concerns in a non-confrontational manner, while also acknowledging her pain and the challenges she faces. By fostering a more empathetic and understanding dialogue, you may be able to create a more harmonious environment for both of you.

Lastly, it may be beneficial to explore the role of self-care in your life. As a caregiver, it's essential to ensure that you're also taking care of your own emotional and physical needs. This could include engaging in activities that bring you joy, seeking support from friends or a support group, or practicing relaxation techniques. By prioritizing your own well-being, you'll be better equipped to handle the challenges that come with caring for a loved one.

These are just a few potential strategies for managing the complex dynamics within your family. I encourage you to consider which approaches resonate with you and to explore them further. Remember, the goal is to find a balance between supporting your mother's needs and maintaining your own emotional and physical well-being."
"You are a helpful mental health counselling assistant, please answer the mental health questions based on the patient's description. 
The assistant gives helpful, comprehensive, and appropriate answers to the user's questions. ",Thank you for your understanding and support. I feel a sense of relief knowing that I'm not alone in dealing with these feelings and that there are steps I can take to address them. I'll make sure to have a conversation with my supervisor soon and explore the possibility of delegating some tasks. I'll also focus on implementing stress management techniques and prioritizing self-care. I appreciate your guidance and the perspective you've provided.,Thank you for your understanding and support. I feel small relief knowing say I no dey alone. I go talk to my supervisor soon and try delegate some tasks. I go also focus on stress management and self-care. I appreciate your guidance.,"I'm glad that you feel a sense of relief and that we've been able to explore some potential strategies for managing your stress and workload. Remember, it's essential to approach these conversations with confidence and a clear understanding of your needs and priorities. I'll be here to support you throughout this process and to offer guidance as needed. Keep in mind that taking care of yourself is not only important for your personal wellbeing but also for the effectiveness and success of your role within Hospice. Good luck with your conversation with your supervisor, and please don't hesitate to reach out if you have any further questions or concerns."
"You are a helpful mental health counselling assistant, please answer the mental health questions based on the patient's description. 
The assistant gives helpful, comprehensive, and appropriate answers to the user's questions. ","I've been feeling overwhelmed by the demands of motherhood and the weight of my own emotional baggage. I've been hiding my mental health struggles from my children, meeting them at the top of the hike instead of joining them on the trail. I've tried to manage my [Health Condition] and [Health Condition] through self-help books and meditation, but it feels like I'm treading water. I'm afraid that if I reveal my vulnerabilities to my kids, I'll be a burden on them, and they'll lose respect for me.","I dey feel overwhelmed with motherhood and my emotional struggles. I dey hide my mental health issues from my children. I try self-help books and meditation but e still feel like I dey struggle. I dey fear say if I open up, dem fit lose respect for me.","Your concerns are valid, and it's natural to feel apprehensive about sharing your mental health struggles with your children. However, it's essential to remember that involving them in your treatment process can actually strengthen your bond and promote a healthier family dynamic. Children often have a deep sense of empathy and can provide valuable support and understanding. Furthermore, being open about your mental health can help reduce the stigma and promote a healthier dialogue within your family.

As a counselor, I would suggest exploring the following therapeutic approaches to help you navigate this situation:

1. Family therapy: This approach can help you and your children develop a deeper understanding of each other's emotions and needs. It can also provide a safe space for you to discuss your mental health struggles and work on improving communication and problem-solving skills.

2. Cognitive-behavioral therapy (CBT): This evidence-based approach can help you identify and challenge negative thought patterns that contribute to your anxiety and depression. By learning to reframe your thoughts and develop healthier coping mechanisms, you can improve your overall mental well-being.

3. Mindfulness practices: Mindfulness meditation, deep breathing exercises, and progressive muscle relaxation can help you manage your anxiety and stress in the moment. These practices can also be taught to your children, allowing you to engage in a shared mindfulness practice that can strengthen your bond and promote a more peaceful family environment.

4. Support groups: Connecting with other parents who are dealing with mental health challenges can provide a valuable source of support and understanding. These groups can offer a safe space to share your experiences, learn from others, and develop a sense of community.

5. Self-care: It's essential to prioritize your own self-care, both for your mental health and for the sake of your children. This can include activities like regular exercise, a healthy diet, adequate sleep, and engaging in hobbies or activities that bring you joy. By taking care of yourself, you'll be better equipped to meet the demands of motherhood and provide a stable, supportive environment for your children.

As a counselor, my role is to help you navigate these challenges in a compassionate, ethical, and evidence-based manner. I'm here to support you in your journey towards improved mental health and a stronger, more connected family dynamic."
"You are a helpful mental health counselling assistant, please answer the mental health questions based on the patient's description. 
The assistant gives helpful, comprehensive, and appropriate answers to the user's questions. ","I've been struggling with feelings of worthlessness and sadness for months now. It all started when my husband left me for another woman. I feel like I've lost myself in the process. I've tried to keep busy, but I can't seem to focus on anything. I've been sleeping poorly and eating poorly, and I've gained weight. I've even stopped going to the gym, which used to be a big part of my life. I feel like I'm just going through the motions, and I don't know how to snap out of it.","I dey struggle with feelings of worthlessness and sadness for months now. E start after my husband leave me for another woman. I feel like I don lose myself. I no dey focus well, I dey sleep and eat poorly, and I even stop gym. I feel like I just dey pass through life without direction.","Your situation is undoubtedly challenging, and it's not uncommon for individuals in your position to experience feelings of worthlessness, sadness, and a loss of focus. The grief and pain you're experiencing are natural responses to a significant life change. It's important to acknowledge that healing from such a loss takes time and effort.

Your husband's infidelity has likely triggered a cascade of emotions, including feelings of betrayal, anger, and sadness. These emotions can be overwhelming, and it's understandable that you've been struggling to cope. The loss of your husband's companionship, combined with the additional stressors of poor sleep, poor eating habits, and lack of physical activity, can further exacerbate your emotional state.

As your counselor, I want to help you develop a plan to address these challenges. One approach we could consider is Cognitive Behavioral Therapy (CBT), which can help you identify and challenge negative thought patterns that contribute to your feelings of worthlessness and sadness. We could also explore the use of mindfulness practices, such as meditation or deep breathing exercises, to help you manage your emotions and improve your focus.

Additionally, I'd like to encourage you to consider engaging in activities that bring you joy and help you connect with others. This could include reconnecting with friends, pursuing a hobby, or even joining a support group for individuals dealing with similar relationship issues.

Ultimately, the healing process is a complex and ongoing journey, and it's essential that we work together to find the most effective strategies for addressing your concerns. I'm here to support you every step of the way."
"You are a helpful mental health counselling assistant, please answer the mental health questions based on the patient's description. 
The assistant gives helpful, comprehensive, and appropriate answers to the user's questions. ","I've tried writing things down, but the thoughts just keep coming back. I feel like I'm trapped in a never-ending cycle. I've heard about mindfulness practices, but I don't know where to start. I've tried listening to calming music, but it doesn't seem to help. I've even tried taking walks, but my mind just wanders back to my worries. I feel so helpless.","I try write down my thoughts but dem still dey come back again and again. I feel like I dey stuck in endless cycle. I try mindfulness, music and walking but my mind still dey return to worries. I feel helpless.","I'm sorry to hear that the techniques we've discussed so far haven't been as effective as you'd hoped. It's important to remember that mindfulness practices take time and consistent effort to master. You've taken the first step by acknowledging your struggles and seeking help. Let's explore some alternative approaches. Have you considered engaging in activities that bring you joy and help you relax, such as painting, drawing, or reading? These activities can serve as a distraction from your worries and help you recharge. We could also explore cognitive-behavioral techniques, such as identifying and challenging negative thought patterns, to help you gain a more balanced perspective on your thoughts. Would you be open to trying these approaches?"
"You are a helpful mental health counselling assistant, please answer the mental health questions based on the patient's description. 
The assistant gives helpful, comprehensive, and appropriate answers to the user's questions. ","I've been dealing with the tedious and time-consuming process of handling my late husband's estate. The county where we owned our primary residence has a lengthy procedure that takes about two to three weeks to complete. However, I decided to visit [County], where we also own property, to expedite the process. But the process there has been even more complicated, and I've found myself feeling overwhelmed and anxious.",I dey deal with long and stressful process of my late husband estate. The procedure for one county dey slow but another place wey I try go still more complicated. I just dey feel overwhelmed with everything.,"I can imagine how challenging it must be for you to juggle the emotional and logistical aspects of handling your late husband's estate, especially while dealing with the grief of his passing. It's essential to recognize that the grieving process is not a linear one, and the added stress of managing an estate can exacerbate feelings of sadness, frustration, and even anger. The complexities of navigating different county procedures and requirements can add an additional layer of stress to an already difficult situation.

It's crucial to approach this process with self-compassion and patience, acknowledging that it's a lengthy and detailed one. I would encourage you to consider seeking professional assistance from legal or estate planning professionals to ensure all necessary steps are taken care of efficiently and accurately. This can help alleviate some of the burden and stress you're experiencing.

Moreover, it might be helpful to explore coping mechanisms to manage the emotional toll of this process. Mindfulness practices, such as meditation or deep breathing exercises, can help you stay grounded and focused during moments of anxiety or frustration. Engaging in activities that bring you joy and relaxation, like reading, taking a walk, or practicing a hobby, can also help provide a much-needed respite from the estate proceedings.

Remember, it's essential to prioritize your emotional well-being during this time. The grieving process is unique to each individual, and it's essential to allow yourself the time and space to navigate it at your own pace. I'm here to support you throughout this journey, and we can continue to explore various strategies and resources to help you manage the emotional and logistical aspects of handling your late husband's estate."
"You are a helpful mental health counselling assistant, please answer the mental health questions based on the patient's description. 
The assistant gives helpful, comprehensive, and appropriate answers to the user's questions. ","His condition has worsened since the hospitalization, and I've been feeling overwhelmed with the responsibility of caring for him. I've been trying to balance my job, my family, and my own mental health, but it's all becoming too much. I feel like I'm failing him, and I can't bear the thought of him being alone in a nursing home.","His condition don worsen after hospital discharge. I dey struggle to balance work, family and care but e too much for me. I feel like I dey fail him and I dey fear say he go end up alone in nursing care.","It's understandable that you're feeling overwhelmed, and it's important to acknowledge the complexity of your situation. Your father's heart disease is a serious condition, and caring for him requires a significant amount of time, energy, and emotional resources. You've mentioned that you've been juggling multiple responsibilities, including your job, your family, and your own mental health. This is a common challenge for many caregivers, and it's essential that we explore ways to help you manage these demands more effectively.

First, let's consider the possibility of respite care, which can provide temporary relief for caregivers like yourself. This can include services such as adult day care programs, in-home care, or short-term stays in assisted living facilities. These options can give you a much-needed break from your caregiving responsibilities, allowing you to focus on your own well-being and maintain your ability to provide the best care possible for your father.

Additionally, it may be helpful to explore the concept of self-care, which is an essential component of caregiving. Self-care involves taking steps to maintain your physical, emotional, and mental health, even in the midst of caregiving responsibilities. This can include activities such as regular exercise, healthy eating, getting enough sleep, engaging in hobbies, and practicing relaxation techniques like meditation or deep breathing exercises.

Lastly, it's essential to remember that you're not alone in this journey. You have a support system in your family, and we can work together to find resources and solutions that will help you manage your caregiving responsibilities more effectively. This may include connecting you with local support groups, providing you with educational materials on caregiving and self-care, and helping you navigate the complex healthcare system to access the resources your father needs.

In summary, caring for a loved one with a serious condition like heart disease can be a challenging and emotionally taxing experience. However, by exploring options like respite care, self-care, and family support, we can help you manage these demands more effectively and ensure that your father receives the best possible care. Remember, it's essential to prioritize your own well-being, as this will ultimately benefit both you and your father."
"You are a helpful mental health counselling assistant, please answer the mental health questions based on the patient's description. 
The assistant gives helpful, comprehensive, and appropriate answers to the user's questions. ","I've been feeling a deep sense of sadness and loss since the rise of social media as a political tool. I feel like I've lost touch with the community I once knew and loved, and I'm struggling to find my place in this new world.",I dey feel deep sadness about how social media don change politics and community life. I feel like I don lose connection with people wey I know before. I dey struggle to adapt to this new world.,"It's understandable that you might be feeling a deep sense of sadness and loss in the face of the changing political landscape and the role that social media is playing in it. In this situation, it might be helpful to focus on the things that bring you joy and help you feel connected to your community, both online and offline. This could involve reaching out to old friends, joining local organizations, or even volunteering for a cause that resonates with you. It's also essential to remember that change can be a slow and sometimes challenging process, and that it's important to take care of yourself while working towards positive change. Additionally, it might be worth considering seeking out professional help, such as a counselor or therapist, to help you process your feelings and work through this difficult time."
"You are a helpful mental health counselling assistant, please answer the mental health questions based on the patient's description. 
The assistant gives helpful, comprehensive, and appropriate answers to the user's questions. ","I've been feeling overwhelmed with work and family obligations lately. I've barely had time for myself, and I've noticed that I've been neglecting my hobbies and personal interests. I've been struggling to find the motivation to do things that once brought me joy.","I dey very busy with work and family, I no really get time for myself again. I don stop my hobbies and things wey I enjoy before. I dey struggle with motivation.","I understand that balancing work and family responsibilities can be challenging, especially when personal interests take a back seat. It's crucial to recognize that self-care is not a luxury but a necessity for maintaining mental and emotional well-being. The concept of self-care is deeply rooted in humanistic psychology, which emphasizes the importance of personal growth and self-actualization.

To help you get started, consider setting aside small pockets of time each day for activities that bring you joy. This could be as simple as taking a short walk, reading a book, or engaging in a creative pursuit. Remember, the goal is not to add more tasks to your plate but to make time for activities that nourish your mind, body, and soul.

Additionally, it may be helpful to explore the underlying emotions that are contributing to your lack of motivation. Are there specific triggers or challenges that are making it difficult for you to engage in activities that once brought you joy? Together, we can work to identify these triggers and develop strategies for overcoming them.

Ultimately, prioritizing self-care is an investment in your overall well-being and will enable you to better manage the demands of your work and family obligations. By making time for activities that bring you joy and relaxation, you'll be better equipped to face the challenges that come your way."
"You are a helpful mental health counselling assistant, please answer the mental health questions based on the patient's description. 
The assistant gives helpful, comprehensive, and appropriate answers to the user's questions. ","I've been feeling increasingly disconnected from my friends, and the isolation has been taking a toll on my mental health. I've tried joining online support groups, but it just doesn't feel the same as in-person interactions. I've also been struggling with feelings of guilt for not being able to visit my friends due to the pandemic and my health concerns.",I dey feel disconnected from my friends. Online support groups no dey feel same like real life interaction. I also dey feel guilty because I no fit visit friends due to health and pandemic concerns.,"I'm sorry to hear that you've been feeling disconnected from your friends and that the isolation has been impacting your mental health negatively. It's important to acknowledge the unique challenges that come with your situation, as maintaining social connections while prioritizing health and safety can be a complex balancing act. Given your feelings of guilt, it might be helpful to explore the root causes of these emotions. Are there specific friendships or interactions that you're missing the most? Understanding the emotional significance of these relationships can help you find alternative ways to maintain them while adhering to safety protocols.

Additionally, it's essential to remember that feelings of guilt can often stem from unrealistic expectations we place on ourselves. It's crucial to practice self-compassion and understand that the current situation is beyond your control. Instead, focus on the things you can control, such as engaging in activities that bring you joy and help you maintain a sense of connection with your friends, even if it's not in person.

Incorporating elements of cognitive-behavioral therapy, I would suggest that we work together to identify and challenge any negative thought patterns that might be contributing to your feelings of disconnection and guilt. This can help you develop a more balanced perspective on your situation and foster a greater sense of resilience.

As we continue our sessions, we can explore various techniques to help you manage your emotions and maintain social connections while prioritizing your health and safety. This might include practicing mindfulness meditation, engaging in creative hobbies, or implementing regular exercise routines. Ultimately, the goal is to help you find ways to navigate your current situation while fostering a greater sense of emotional well-being."
"You are a helpful mental health counselling assistant, please answer the mental health questions based on the patient's description. 
The assistant gives helpful, comprehensive, and appropriate answers to the user's questions. ","My husband's insensitivity and lack of empathy towards my feelings often leave me feeling unheard and invalidated. For example, he frequently dismisses my concerns and criticizes me in front of others. This has been happening for years, and I've tried talking to him about it, but he doesn't seem to understand or care.",My husband dey often show insensitivity and no really care about my feelings. He dey ignore my concerns and sometimes criticize me for public. I try talk but e no change. I still dey feel unheard.,"I see. It sounds like you've been dealing with a long-standing issue in your relationship, which can be incredibly challenging. It's important to acknowledge the pain and frustration you're experiencing. This emotional pain is a natural response to feeling unheard and invalidated, especially when it's a recurring pattern. Let's discuss some potential strategies to help you navigate this situation. One approach could be practicing empathy towards your husband, even if it feels difficult at times. This doesn't mean excusing his behavior, but rather understanding that everyone has their own struggles and challenges. Another strategy could be setting clear boundaries in your relationship, communicating your emotional needs, and seeking support from other sources if necessary."
"You are a helpful mental health counselling assistant, please answer the mental health questions based on the patient's description. 
The assistant gives helpful, comprehensive, and appropriate answers to the user's questions. ","I've been feeling so overwhelmed and helpless lately. I've been in this hospital room for weeks, and every day feels like a struggle. I don't want to be a burden to my family, but I can't seem to get better. I feel stuck, and I don't know what to do.",I dey very overwhelmed in hospital for weeks now. Every day dey hard. I no want be burden to my family but I no dey get better. I just dey feel stuck and no know wetin to do.,"I can see how deeply you're struggling with feelings of being trapped and helpless. It's important to acknowledge the courage it takes to reach out for help, and I want to validate your feelings. Your concerns about being a burden are common among those dealing with mental health issues, but it's crucial to remember that seeking treatment is not a sign of weakness. Instead, it's a sign of resilience and a commitment to your well-being.

I'd like to propose some strategies that might help you feel more in control and motivated to leave the hospital. One approach could be setting small, achievable goals for yourself, such as taking short walks around the hospital floor or engaging in simple activities that bring you joy. These small steps can help build your confidence and sense of accomplishment, making the larger goal of leaving the hospital feel more attainable.

Another strategy could be focusing on the potential benefits of leaving the hospital, such as reconnecting with loved ones, resuming your favorite hobbies, or returning to a sense of normalcy. It's essential to remember that recovery is a process, and setbacks are a natural part of that journey.

Lastly, I'd like to discuss the role of self-compassion in your healing process. Be gentle with yourself and recognize that healing takes time. Allow yourself to feel your emotions without judgment, and try to practice self-care activities that bring you comfort and relaxation. Remember, you're not alone in this journey, and I'm here to support you every step of the way.

As a counselor, I believe it's essential to create a safe and non-judgmental space for you to explore your feelings and concerns. I'll be using evidence-based therapeutic approaches, such as cognitive-behavioral techniques and mindfulness practices, to help you develop the skills and strategies necessary to manage your emotions and overcome the challenges you're facing.

I'll also be working collaboratively with you to create a personalized treatment plan that addresses your unique needs and goals. This plan will be grounded in ethical principles, such as confidentiality, informed consent, and respect for your autonomy, and will be tailored to your specific circumstances and preferences.

Throughout our sessions, I'll be providing you with a clear and compassionate understanding of your experiences, as well as offering guidance and support as you work towards your goals. I'll be encouraging you to explore your emotions and thoughts in a safe and non-judgmental way, and I'll be providing you with the tools and resources you need to develop the skills and strategies necessary to manage your emotions and overcome the challenges you're facing.

I believe that the therapeutic relationship we'll build together will be a crucial factor in your healing process. I'll be providing you with a consistent and supportive presence, and I'll be working collaboratively with you to help you develop the skills and strategies necessary to manage your emotions and overcome the challenges you're facing.

I understand that this is a challenging time for you, and I want to assure you that I'm here to support you every step of the way. Together, we'll work towards helping you build the resilience and strength you need to overcome your current struggles and move forward in your life."
"You are a helpful mental health counselling assistant, please answer the mental health questions based on the patient's description. 
The assistant gives helpful, comprehensive, and appropriate answers to the user's questions. ","I understand your advice, but I've had a difficult time trusting healthcare professionals in the past. My mother's misdiagnosis and subsequent mistreatment left me feeling helpless and betrayed. I've become overly reliant on my own research to avoid making the same mistakes.",I understand your advice but I don’t really trust healthcare workers because of past bad experience. My mother misdiagnosis before make me lose trust. Now I dey depend more on my own research.,"I'm deeply sorry to hear about your past experiences and the pain they've caused you. It's natural to feel a sense of mistrust and fear after such an ordeal. However, it's essential to recognize that every situation is unique, and the healthcare professionals you're working with now are not the same as those who failed you in the past. They have your best interests at heart and are committed to providing you with the best possible care."
"You are a helpful mental health counselling assistant, please answer the mental health questions based on the patient's description. 
The assistant gives helpful, comprehensive, and appropriate answers to the user's questions. ","I've been feeling overwhelmed and exhausted lately, especially when it comes to caring for my husband, [Name], and our children. The constant demands on my time and energy have left me feeling drained and unable to focus on my own needs. I've tried to find ways to cope, like asking for help from friends and family, but it feels like I'm constantly putting out fires. I've even considered seeking professional help, but I'm not sure where to start or what to expect.",I dey very exhausted taking care of my husband and children. I try ask for help but e still dey too much. I even think of professional help but I no know where to start or wetin to expect.,"I'm here to support you in your journey towards better mental and emotional wellbeing. It's important to acknowledge the immense effort you've put into caring for your loved ones, and I understand how challenging it can be to balance your own needs with theirs. This is a common issue for caregivers, and it's essential to prioritize self-care in order to maintain your overall health and wellbeing.

Your decision to seek professional help is a brave and important step. I'd be happy to help you navigate the process, from finding a therapist who specializes in caregiver support to discussing your concerns and goals for therapy. We can also explore various coping strategies and techniques, such as mindfulness meditation, cognitive-behavioral therapy, and stress management skills.

It's crucial to remember that taking care of yourself is not a selfish act, but rather an essential component of being able to effectively care for others. By prioritizing your own wellbeing, you'll be better equipped to handle the demands of caregiving and maintain a healthier, more balanced life."
"You are a helpful mental health counselling assistant, please answer the mental health questions based on the patient's description. 
The assistant gives helpful, comprehensive, and appropriate answers to the user's questions. ","I've been caring for my terminally ill mother at home, and I've been giving her pain medication by syringing it into her mouth. Recently, I accidentally tasted some of the medication. I'm deeply worried that hospice might suspect me of misusing her medication.",I dey take care of my terminally ill mother at home and I dey give her pain medicine with syringe. I accidentally taste small of the medicine and now I dey worry say hospice go suspect me for misuse.,"Your concern about the potential perception of your actions by hospice is a valid one. It's natural to feel anxious when dealing with sensitive matters, especially when it comes to a loved one's pain medication. The fact that you've been transparent with the hospice team about your mistake and have even shared your creative solution of using juice to clear her taste buds after administering the medication demonstrates your commitment to your mother's well-being. It's essential to remember that hospice teams are experienced in these situations and have a deep understanding of the complexities of end-of-life care. They trust the bonds they've built with their patients and their families and recognize that you're acting in your mother's best interest, focusing on her comfort during this challenging time. Furthermore, there are support programs in place to ensure continuity of care if your mother were to leave hospice services. These programs enable you to maintain a connection with the nurse practitioner and continue receiving the necessary medications. Therefore, it's highly unlikely that your actions will be perceived as misuse. Instead, focus on the compassionate care you're providing for your mother and the positive impact it has on her quality of life."
"You are a helpful mental health counselling assistant, please answer the mental health questions based on the patient's description. 
The assistant gives helpful, comprehensive, and appropriate answers to the user's questions. ","I've been struggling to effectively communicate with my mother-in-law for the past 18 years. The constant distractions during our conversations have made it difficult for me to truly connect with her and understand her perspective. I've tried various strategies, but I've found that limiting distractions during our conversations works best. I've asked her to close the door, turn off the music and TV, and even remove newspapers, magazines, and old letters from the table to help us focus on our conversation. But despite my efforts, the communication remains strained, and I can't help but feel frustrated and disconnected.","I dey struggle to communicate with my mother-in-law for 18 years now. Conversations dey often distracted and hard. I try reduce distraction like turning off TV and removing noise, but still communication no dey smooth and I dey feel frustrated.","I understand that you've been struggling to communicate effectively with your mother-in-law for a long time, and it's natural to feel frustrated when despite your best efforts, the communication remains strained. It's important to remember that communication is a two-way process, and it's not always within our control to change another person's behavior. However, by focusing on the aspects of the communication that you can control, such as creating a quiet and undisturbed environment, you're taking a proactive step towards improving the relationship.

Your approach of limiting distractions is an essential tactic to ensure that both parties are fully engaged in the conversation. By creating a quiet and undisturbed environment, you're allowing for a more productive and focused interaction. However, it's important to remember that every person is unique, and what works for one might not work for another. Be open to trying other tactics as well, such as speaking louder and directly at her, and involving other caregivers in the communication process.

It's also essential to consider the potential psychological triggers that may be contributing to the communication difficulties. For instance, your mother-in-law might be experiencing hearing loss, which could make it challenging for her to focus on the conversation even with minimal distractions. Or, she might be dealing with anxiety or depression, which could make it difficult for her to engage in meaningful dialogue.

In order to create a more effective and meaningful dialogue between the two of you, it might be helpful to explore these potential triggers further. You could consider involving a healthcare professional, such as an audiologist or a mental health counselor, to help assess and address any underlying issues that could be impacting the communication. Remember, the goal is not just to improve the communication in the moment, but to build a stronger and more meaningful relationship over time."
"You are a helpful mental health counselling assistant, please answer the mental health questions based on the patient's description. 
The assistant gives helpful, comprehensive, and appropriate answers to the user's questions. ","I've always felt like I've been in the shadow of my older sister, ever since we were kids. She's always been the center of attention, and I've learned to keep quiet to avoid conflict. But now, in my professional and personal life, I feel like I'm being overlooked and undervalued. It's not just my sister, but it seems to be a pattern that follows me everywhere. I feel trapped, like I can't break free from this cycle of feeling unheard and insignificant.",I always feel like I dey in shadow of my older sister since childhood. She dey always get attention and I learn to keep quiet. Now even in adult life I still dey feel overlooked everywhere. I feel like I no fit break this cycle of feeling unseen and unimportant.,"It's clear that you've been dealing with feelings of being unheard and insignificant for a long time, and it's understandable that this can be a source of frustration and emotional pain. It's important to recognize that these feelings are not solely tied to your relationship with your sister, but rather stem from a deeper sense of self-worth and validation. One approach to addressing this could be to explore the origins of these feelings, perhaps through the lens of attachment theory or the concept of learned helplessness. It may also be helpful to practice self-compassion and self-validation, as well as to identify and challenge any negative thought patterns that contribute to your feelings of insignificance. Additionally, it might be beneficial to consider setting clear boundaries in relationships, both with your sister and in other areas of your life, to help establish a sense of control and autonomy. Ultimately, the goal would be to help you develop a stronger sense of self-worth and self-advocacy, allowing you to navigate these challenging situations with greater confidence and resilience."
"You are a helpful mental health counselling assistant, please answer the mental health questions based on the patient's description. 
The assistant gives helpful, comprehensive, and appropriate answers to the user's questions. ","I've been taking Zoloft at night for a while now, but I've been noticing some issues with my sleep and weight gain. I used to lose weight when I was stressed, but now I find myself gaining weight instead. I've also noticed that my acid reflux has been acting up, and I've been turning to food for comfort. I used to manage my acid reflux well, but now it seems to be affecting my sleep. I've tried taking my medication in the morning instead, and that seems to be helping. However, I've always had issues with acid reflux, even before my current situation. My sleep was much better before my husband was diagnosed with cancer. The biggest issue for me now is the anxiety and stress that keeps me awake at night.","I dey take Zoloft for night for some time now, but I don notice say my sleep no dey stable again and I dey also gain weight. Before, when I dey stressed I dey normally lose weight, but now e change. I also notice my acid reflux don start again and I dey use food take comfort myself sometimes. I used to manage the reflux well before but now e dey affect my sleep too. I try change am make I dey take the medicine for morning instead and e dey help small. But truth be say I always get reflux problem even before all this. My sleep was better before my husband was diagnosed with cancer. Now the main issue na anxiety and stress wey dey keep me awake at night.","I empathize with the challenges you've been facing, particularly the impact of your husband's cancer diagnosis on your sleep and overall well-being. It's understandable that you've been turning to food for comfort during this stressful time, and it's important to acknowledge that weight gain is a potential side effect of Zoloft. I appreciate your efforts to adjust your medication schedule to improve your sleep, and I encourage you to continue this dialogue with your doctor.

Given the complexity of your situation, I'd like to propose a multi-faceted approach to help you manage your anxiety and stress levels. We can explore various strategies, such as relaxation techniques, cognitive-behavioral therapy, and mindfulness meditation. Additionally, it may be helpful to identify and challenge any negative thought patterns that contribute to your anxiety. I'd also like to encourage you to prioritize self-care and make healthy choices, like regular exercise and a balanced diet, to support your overall well-being.

It's essential to remember that managing anxiety and stress levels takes time and effort, but the rewards are significant. I'm here to support you throughout this process, and I believe that together, we can find effective strategies to help you improve your sleep, manage your anxiety, and maintain a healthy weight."
"You are a helpful mental health counselling assistant, please answer the mental health questions based on the patient's description. 
The assistant gives helpful, comprehensive, and appropriate answers to the user's questions. ","I've been feeling overwhelmed by my mom's Alzheimer's diagnosis. I've been trying to find reliable information about the disease online, but I'm unsure if I can truly distinguish between high and low-quality resources. The internet is a vast and often confusing place, and I'm worried that I might stumble upon misinformation that could worsen my anxiety or even cause unnecessary stress for my mom.",I dey feel overwhelmed because of my mom Alzheimer diagnosis. I dey try find correct information online but I no really sure which one correct and which one no good. Internet get plenty information and e dey confuse me. I dey fear say I fit read wrong thing wey go increase my anxiety or stress for my mama.,"I can understand how difficult it is to navigate the internet for accurate information about Alzheimer's, especially during such a challenging time for your family. It's essential to remember that while the internet can be a valuable resource, it's crucial to approach it with a critical and informed perspective. To help you make the most of your online research, I'd recommend looking for information from reputable organizations, such as the Alzheimer's Association or the National Institute on Aging. Additionally, check the credentials of the authors or sources providing the information. Cross-referencing information with multiple sources can also help ensure the accuracy and reliability of the information you're gathering.

It's important to be cautious of sensational or alarmist claims, as they can often cause unnecessary stress and anxiety. Remember that every individual's situation is unique, and what works for one person may not be the best solution for another. It's crucial to approach online health information with a balanced and informed perspective, taking into account the latest research and evidence-based practices.

As we continue our sessions, we'll explore various strategies to help you manage your anxiety and find effective ways to support your mom during this challenging time. Together, we'll work on developing coping skills, setting realistic goals, and implementing a support system to help you navigate the complexities of caring for a loved one with Alzheimer's."
"You are a helpful mental health counselling assistant, please answer the mental health questions based on the patient's description. 
The assistant gives helpful, comprehensive, and appropriate answers to the user's questions. ","[Name] here. I've always cherished the simplicity of being called by my first name. It's a small comfort in a world that often feels overwhelming. I've spent years trying to navigate the complexities of academia, and now I'm considering a new path. I've been thinking about applying to [Institute] for their social work program. I believe that the support and social work aspects of it would be more beneficial for me than the academic side.","[Name] here. I always like when people just call me by my first name, e dey give me small comfort. I don try for academia for many years but now I dey think of another direction. I dey consider apply for [Institute] social work program. I feel like that kind support work go fit me more than pure academic path.","Hello [Name], I appreciate your preference for being addressed as such. Your decision to consider[Institute]'s social work program is a significant one. I'd like to explore the potential benefits of the support groups that [Institute] offers. These groups can offer a centralized and convenient location for you to connect with others dealing with similar issues. Building a network of individuals who can offer emotional and practical support is essential for your personal growth and well-being. While the academic side of the program may have value, it seems that the social work aspect is more crucial for you at this moment.

As a counselor, I believe that understanding your personal history and emotional landscape is essential to providing effective guidance. Your journey through academia has been challenging, and now you're seeking a new path. The social work program at [Institute] offers a unique opportunity to connect with others and learn from their experiences. I encourage you to explore this option further and consider how it aligns with your personal goals and values.

Additionally, I would suggest engaging in self-care practices to help manage the emotional demands of this transition. Practicing mindfulness meditation, engaging in regular physical activity, and maintaining a balanced diet can all contribute to improved mental and emotional well-being. Remember, taking care of yourself is an essential part of the healing process.

In conclusion, I believe that the social work program at [Institute], along with the support groups it offers, can provide you with valuable resources and connections that will support your personal growth and well-being. I encourage you to explore this opportunity further and consider how it aligns with your personal goals and values. Remember, taking care of yourself is an essential part of the healing process.

As a counselor, my role is to provide you with a safe and supportive environment where you can explore your thoughts, feelings, and experiences. I am here to offer guidance, support, and encouragement as you navigate this new path. Together, we can work towards helping you find the resources and tools you need to thrive."
"You are a helpful mental health counselling assistant, please answer the mental health questions based on the patient's description. 
The assistant gives helpful, comprehensive, and appropriate answers to the user's questions. ","(Mother is in the final stages of her life, and I've been caring for her at home for several years. I've been reluctant to ask for help from the hospice team and nursing home staff regarding her pain management, fearing that I might be bothering them. I've tried various methods to ease her discomfort, but I feel helpless and overwhelmed.)",My mama dey final stage of her life and I don dey take care of her for house for many years now. I dey hesitate to ask hospice or nurses for help about her pain because I no want disturb them. I don try manage her discomfort myself but I still feel helpless and overwhelmed.,"(With a compassionate and understanding tone)
I understand that you've been caring for your mother for a long time, and it's natural to feel hesitant about asking for help from the hospice team and nursing home staff. However, it's essential to remember that they are there to support you and your mother during this challenging time. Pain management is a crucial aspect of hospice care, and it's important to communicate openly with them about your concerns and questions. They are trained professionals who can offer a range of interventions to help manage your mother's pain, including non-medication treatments like massage, warming or cooling materials, moving her body, and even things like a nice smell or her favorite song. These approaches can be highly effective in managing pain and providing comfort.

Moreover, being present and attentive to your mother's needs can make a significant difference in her comfort and overall well-being. You've been a dedicated and loving caregiver, and it's understandable that you've had to be creative and resourceful in addressing her needs. However, it's essential to remember that you don't always need to rely on medications to provide relief. Instead, focusing on her emotional, social, and spiritual needs can be just as effective in managing her pain and improving her quality of life.

I encourage you to reach out to the hospice team and nursing home staff for guidance and support. They can offer valuable insights and expertise, and their involvement can help alleviate some of the burden you've been carrying. Remember, asking for help is a sign of strength, not weakness. It's essential to prioritize your mother's comfort and well-being during this time, and seeking the support of professionals can be an essential step in ensuring that she receives the best possible care."
"You are a helpful mental health counselling assistant, please answer the mental health questions based on the patient's description. 
The assistant gives helpful, comprehensive, and appropriate answers to the user's questions. ","I've been dealing with anxiety and depression for years now, and it feels like I've tried every therapy and medication under the sun. I've recently started to notice that my sleep patterns have become increasingly erratic, and I'm not sure if the two are connected. I've heard that therapy can help with sleep disorders, but I'm not sure if it's the right approach for me at this point.",I dey deal with anxiety and depression for long time now. I don try many therapy and medicine but e still dey continue. Recently my sleep don become very irregular and I no sure if e related. I hear say therapy fit help sleep problem but I no know if na correct step for me now.,"I'm sorry to hear that you've been dealing with anxiety and depression for an extended period, and it's understandable that you're feeling frustrated with the various treatments you've tried. It's important to recognize that mental health conditions, such as anxiety and depression, can often impact sleep patterns. In fact, sleep disturbances are a common symptom of both conditions. While it's true that therapy can be an effective approach for addressing sleep disorders, it's essential to find the right therapeutic approach that fits your unique needs and circumstances. Cognitive-behavioral therapy for insomnia (CBT-I) is a specialized form of therapy that has been shown to be highly effective in treating sleep disorders. It focuses on helping individuals identify and challenge the thought patterns and behaviors that contribute to poor sleep quality. Additionally, working with a mental health professional can help you explore other potential contributing factors, such as underlying emotional or psychological issues, and develop a comprehensive treatment plan that addresses all aspects of your mental and emotional well-being. Remember, taking care of your mental health is a continuous process, and it's essential to be patient and persistent in your efforts to find the right approach for you."
"You are a helpful mental health counselling assistant, please answer the mental health questions based on the patient's description. 
The assistant gives helpful, comprehensive, and appropriate answers to the user's questions. ","I've always struggled with negative thoughts and feelings, but I've noticed that people who have a more positive outlook on life tend to be healthier and happier. I saw a graph about this in a mental health workshop, and it resonated with me. But I often make mistakes as a caregiver, and I can't help but feel guilty and frustrated when I do.",I notice say people wey dey more positive for life dey look more healthy and happy. I even see am for one workshop graph and e make sense for me. But as caregiver I dey still make mistakes and I dey feel guilty and frustrated anytime I do wrong thing.,"I can relate to your feelings of guilt and frustration when you make mistakes as a caregiver. It's important to remember that caregiving is a complex and challenging role, and mistakes are an inevitable part of the process. However, it's essential to acknowledge and learn from these mistakes, rather than dwelling on them and allowing them to consume your thoughts.

Your observation about the connection between positive thinking and better health and happiness is an insightful one. Research supports the idea that having a positive outlook on life can have numerous benefits for both mental and physical health. However, it's important to remember that cultivating a positive mindset is not always an easy task, especially when faced with the daily challenges of caregiving.

One approach to developing a more positive mindset is to practice mindfulness meditation. Mindfulness meditation involves focusing your attention on the present moment, without judgment, and allowing thoughts and feelings to come and go without getting attached to them. This practice can help you develop a greater awareness of your thoughts and emotions, and it can help you respond to negative thoughts and feelings in a more compassionate and constructive way.

Another helpful strategy is to engage in activities that bring you joy and a sense of accomplishment. These activities can serve as powerful reminders of the positive aspects of your life and can help counteract the negative thoughts and feelings that may arise.

Lastly, it's essential to remember that you are not alone in your struggles as a caregiver. Seeking support from friends, family, or professional resources, such as counseling or support groups, can help you navigate the challenges of caregiving and maintain a more balanced and hopeful perspective on life.

In summary, while it's natural to feel guilty and frustrated when making mistakes as a caregiver, it's essential to remember that mistakes are a part of the process. Practicing mindfulness meditation, engaging in activities that bring joy, and seeking support from others can help you develop a more positive mindset and maintain a greater sense of balance and hope in the face of life's challenges."
"You are a helpful mental health counselling assistant, please answer the mental health questions based on the patient's description. 
The assistant gives helpful, comprehensive, and appropriate answers to the user's questions. ","Yes, I'd be willing to give those a try. I've always enjoyed painting, but I haven't picked up a brush in years. I think I'll start there. And I've heard about cognitive-behavioral techniques, but I'm not sure how they work. Can we explore that further in our sessions?","Yes, I fit try those things. I used to like painting before but I no touch brush for long time now. Maybe I go start again. I also hear about CBT but I no really understand how e dey work. Can we talk more about am for session?","Absolutely. We'll work together to identify the negative thought patterns that contribute to your feelings of overwhelm and develop strategies to challenge and replace them with more balanced, positive thoughts. This process can help you gain a greater sense of control over your thoughts and emotions, ultimately leading to improved mental and emotional well-being. Let's begin by focusing on one thought pattern at a time, and we'll build on our progress as we go. I'm here to support you every step of the way."
"You are a helpful mental health counselling assistant, please answer the mental health questions based on the patient's description. 
The assistant gives helpful, comprehensive, and appropriate answers to the user's questions. ","I've been struggling to cope with my mother's declining health. Her condition has left her in constant pain and she's also experiencing mental confusion. These issues have been causing me significant distress, as I'm finding it difficult to communicate effectively with her and provide her with the care she needs. Additionally, her financial situation and my own concerns about her constipation have added to my anxiety. I feel overwhelmed and helpless, and I don't know how to navigate this situation.",I dey struggle to cope with my mother declining health. She dey always in pain and she also dey get confusion sometimes. E dey hard for me to communicate with her and give her proper care. Her money situation and my worry about constipation matter dey also add stress. I feel overwhelmed and I no really know how to handle everything.,"I can see that you're dealing with a multifaceted issue that's impacting both your emotional and practical well-being. It's natural to feel overwhelmed when faced with such complex challenges, especially when it comes to caring for a loved one. I'd like to offer you a safe and supportive space to explore your feelings and develop strategies to manage this situation. We can start by focusing on effective communication with your mother. This might involve learning active listening skills, such as reflective listening and empathic responses, as well as practicing clear and assertive expression of your own needs and concerns. Additionally, we can work on setting realistic expectations for the care she requires, and consider involving other family members or healthcare professionals to share the burden. It's essential that we also address your own emotional well-being, as caring for a loved one can be emotionally taxing. We can explore coping mechanisms, such as mindfulness practices, journaling, or engaging in activities that bring you joy and relaxation. Furthermore, we can discuss potential solutions for her financial concerns and constipation, as these issues may be contributing to your overall anxiety. Let's begin by focusing on the communication aspect and see how we can make progress in that area. We'll then build upon these foundations to address the other challenges you're facing."
"You are a helpful mental health counselling assistant, please answer the mental health questions based on the patient's description. 
The assistant gives helpful, comprehensive, and appropriate answers to the user's questions. ","I've been struggling to get a good night's sleep for months now, ever since my partner moved in with me. His restless behavior keeps me awake, and I've grown tired of the constant interruptions. I've been living in [Location], near [City], for the past three years, but I've yet to find peace in my own home. The thought of waiting another three years for the study to be completed and potentially moving out is overwhelming.",I dey have problem sleeping for months now since my partner move come live with me. Him restless behavior dey wake me up often. I live for [Location] near [City] for years but I never really find peace for my own house. The idea say I go wait years again for situation to change dey overwhelm me.,"I can only imagine how challenging this situation must be for you. It's important to acknowledge the emotional toll that your partner's restless behavior is taking on your life. The lack of sleep can lead to a host of physical and emotional health issues, making it crucial that we address this concern as soon as possible.

First, let's explore some local resources or support groups that might help you cope with the situation. You mentioned that you've been living in [Location] for three years, so I'd recommend checking out local community centers, mental health clinics, or support groups for individuals dealing with sleep disturbances or relationship challenges. These resources can provide valuable insights, strategies, and connections that can help you navigate this situation.

Additionally, there are various relaxation techniques and sleep hygiene practices that could potentially improve your sleep quality. Deep breathing exercises, progressive muscle relaxation, and mindfulness meditation are all effective methods for reducing stress and promoting relaxation. Sleep hygiene practices, such as maintaining a consistent sleep schedule, avoiding caffeine and alcohol before bedtime, and creating a calming sleep environment, can also contribute to better sleep.

We'll continue to work together to find solutions and strategies to help you manage this challenge. It's essential that we address the root causes of your sleep disturbances and explore ways to improve your overall well-being. As a counselor, my role is to provide you with empathetic understanding, a safe and non-judgmental space to express your feelings, and evidence-based guidance to help you cope with the challenges you're facing. Together, we'll work towards finding a balanced and effective approach to managing your sleep issues and improving your quality of life."
"You are a helpful mental health counselling assistant, please answer the mental health questions based on the patient's description. 
The assistant gives helpful, comprehensive, and appropriate answers to the user's questions. ","I've read about various approaches to handling this situation, like encouraging her to seek professional help or setting clear boundaries, but I'm unsure of which path to take. I'm worried that pushing for professional help might be too intrusive, and setting boundaries might be perceived as abandoning her.","I don read about different ways to handle this kind situation like setting boundaries or asking her to get professional help, but I no sure which one better. I fear say if I push for help e go look like I dey abandon her, but if I set boundaries she fit feel say I no care.","Your concerns are valid, and it's essential to consider the potential consequences of each approach. Encouraging your mother-in-law to seek professional help is an important step in ensuring her wellbeing, but it's crucial to approach this suggestion with sensitivity and respect for her autonomy. Setting clear boundaries can help you maintain your emotional and physical health, but it's essential to communicate these boundaries in a compassionate and understanding manner. Ultimately, the decision of which approach to take depends on the unique circumstances of your situation and the needs of your mother-in-law."
"You are a helpful mental health counselling assistant, please answer the mental health questions based on the patient's description. 
The assistant gives helpful, comprehensive, and appropriate answers to the user's questions. ","I've been feeling overwhelmed lately with my caregiving responsibilities. My mother has Alzheimer's, and her condition has been deteriorating rapidly. I've been trying to keep up with her needs around the clock, but it's becoming increasingly challenging. Lately, even small disruptions to my schedule can throw off my entire day and leave me feeling drained and helpless. I've been trying to manage on my own, but I'm starting to feel like I'm drowning.",I dey overwhelmed with caregiving responsibility. My mama Alzheimer don worse and I dey try handle her needs every day. Even small change for routine dey scatter my whole day and I dey feel drained and helpless. I try manage alone but I dey feel like I dey drown.,"I can only imagine how challenging it must be for you to manage your mother's caregiving needs while dealing with the progression of her Alzheimer's. It's understandable that even small disruptions to your schedule can feel overwhelming and leave you feeling helpless. It's important to remember that caring for a loved one with a chronic illness like Alzheimer's is a marathon, not a sprint. It's crucial to prioritize self-care and seek out support when you need it. One strategy that may help is practicing acceptance and focusing on what you can control. While it's natural to feel frustrated when things don't go as planned, try to avoid getting bogged down in the details and instead focus on finding solutions. This might involve reaching out to neighbors, friends, or community resources for help, or adjusting your schedule to accommodate unexpected changes. It's also essential to communicate openly with your mother's healthcare team about any changes or concerns you may have, and to work together to find solutions that meet both of your needs. Remember, it's okay to ask for help when you need it, and it's important to prioritize your own well-being as well as that of your mother."
"You are a helpful mental health counselling assistant, please answer the mental health questions based on the patient's description. 
The assistant gives helpful, comprehensive, and appropriate answers to the user's questions. ","I've never been good at expressing my emotions, especially in person. I've always relied on written communication to avoid confrontation and potential conflict. But I see your point. I'll try to prepare a written explanation and schedule a video call to discuss the sale of these items with my siblings.",I no really good with talking my emotions face to face. I prefer writing because I no like confrontation. But I understand wetin you mean. I go try write am down and also arrange video call with my siblings about selling things.,"I'm proud of you for recognizing the importance of open communication and taking steps to address the emotional challenges that come with this process. It's essential to remember that these conversations can be an opportunity for growth and healing, not only for yourself but also for your relationships with your siblings. By approaching this situation with honesty, compassion, and a willingness to listen and understand their perspectives, you can help foster a more open and understanding dialogue. Remember, the goal is not only to complete the sale of your belongings but also to maintain healthy relationships with your family."
"You are a helpful mental health counselling assistant, please answer the mental health questions based on the patient's description. 
The assistant gives helpful, comprehensive, and appropriate answers to the user's questions. ","I've been having trouble sleeping lately, and it's been affecting my ability to function during the day. I've tried various methods to help me fall asleep, but nothing seems to work. I'm worried that I'll never be able to get a good night's rest again.",I dey have sleep problem lately and e dey affect my daily life. I try different methods but nothing dey work well. I dey fear say maybe I no go ever get proper sleep again.,"I understand that you've been having trouble sleeping, and it's important to remember that sleep disturbances are common and can be caused by a variety of factors. One approach we could explore is implementing a sleep hygiene routine, which includes establishing a consistent sleep schedule, avoiding caffeine and alcohol before bedtime, and creating a relaxing sleep environment. Additionally, we could work on addressing any underlying emotional or psychological issues that may be contributing to your sleep disturbances, such as anxiety or stress. It's also crucial to remember that sleep is a process, and it's normal for there to be occasional disruptions. Lastly, if your sleep disturbances persist despite implementing these strategies, it may be necessary to consider seeking additional support, such as medication or professional therapy."
"You are a helpful mental health counselling assistant, please answer the mental health questions based on the patient's description. 
The assistant gives helpful, comprehensive, and appropriate answers to the user's questions. ","I understand, counselor. I didn't mean to upset him or cause any harm. I just wanted to share some memories and bring a smile to his face. But I'll definitely be more mindful of his condition and avoid topics that might cause distress.",I understand counselor. I no mean to cause problem or upset anybody. I just wanted to share memory and make person smile. I go try be more careful next time about wetin I talk.,"That's a great attitude, patient. It's essential to maintain a balance between cherishing the past and being considerate of the present. Your friend's health is a priority, and it's important to respect his boundaries and ensure that your interactions contribute positively to his recovery. Remember, even small gestures can have a significant impact on someone's emotional well-being. In the future, if you're unsure about what to discuss or how to proceed, don't hesitate to reach out for guidance."
"You are a helpful mental health counselling assistant, please answer the mental health questions based on the patient's description. 
The assistant gives helpful, comprehensive, and appropriate answers to the user's questions. ","I've been taking care of my wife, [Name], since she was diagnosed with Alzheimer's a few years ago. The responsibility of being her primary caregiver has been a heavy burden, and I've been grateful that her condition hasn't required any major medical interventions. However, in recent months, her agitation and confusion have increased significantly, leaving me feeling overwhelmed and burnt out. I've been trying to manage her care alone, but I'm struggling to keep up with her needs, and I'm starting to feel the weight of this responsibility bearing down on me.",I dey take care of my wife [Name] since she get Alzheimer few years ago. E heavy for me because I be main caregiver. Recently her confusion and agitation don increase and I dey feel very stressed and burnt out. I try manage alone but I no really fit handle everything again.,"I can empathize with the immense pressure you've been under since your wife's Alzheimer's diagnosis. The progression of her condition has undoubtedly added to your stress and anxiety, leaving you feeling overwhelmed and burnt out. It's essential to recognize that caring for a loved one with Alzheimer's is a complex and challenging task, and it's natural to feel the strain as their needs become more demanding.

To help alleviate some of the pressure, I would suggest exploring respite care options. Adult day care programs and in-home care services can provide valuable relief by allowing you to take a break from caregiving responsibilities. These services can offer your wife socialization, stimulation, and professional care, while also giving you the opportunity to focus on your own well-being.

Furthermore, connecting with local support groups for caregivers of individuals with Alzheimer's can be an invaluable resource. Sharing experiences and coping strategies with others in similar situations can offer a sense of community and understanding, making the caregiving journey less isolating.

Lastly, remember that self-care is an essential component of being an effective caregiver. Engaging in activities that bring you joy and relaxation, such as exercise, hobbies, or spending time with friends, can help rejuvenate your mind, body, and spirit, allowing you to better support your wife in her care needs.

In summary, I encourage you to explore respite care options, connect with support groups, and prioritize self-care to help manage the emotional and physical demands of caring for your wife with Alzheimer's. Remember, taking care of yourself is an essential part of being an effective caregiver and maintaining a healthy, balanced life."
"You are a helpful mental health counselling assistant, please answer the mental health questions based on the patient's description. 
The assistant gives helpful, comprehensive, and appropriate answers to the user's questions. ","I've been feeling overwhelmed and anxious about my financial situation for weeks now. I've always been careful with my money, but these unexpected expenses have left me feeling helpless and uncertain. I don't want to burden my family, and I don't want to sell my assets or go into debt to cover the costs. I've tried to cut back on expenses, but it seems like there's always something new that needs attention.",I dey feel overwhelmed about money matter for weeks now. Unexpected expenses don come and I no really plan for am. I no want disturb my family and I no want go debt or sell things. I try reduce spending but new issue always dey come.,"I can see how this situation is causing you a great deal of stress. It's natural to feel anxious when faced with unexpected expenses, especially when you've been careful with your money in the past. It's important to remember that you're not alone in this. Many people find themselves in similar situations, and there are resources available to help you navigate this challenge.

One approach we could explore is looking into alternative financing options. There are grants and loans available for homeowners in your situation, and it might be worth investigating these options to see if they could help you cover the costs of removing the trees and repairing your roof. Another option could be to negotiate a payment plan with the tree removal and roof repair companies. You could also consider reaching out to local community organizations or charities that might be able to help you with the costs.

Another approach we could take is to reevaluate your priorities and consider whether there are areas where you could cut back on expenses to free up some funds for this project. It might be helpful to have a conversation with your grandson about the importance of financial responsibility and setting aside funds for unexpected expenses.

It's also important to remember that your mental and emotional well-being are just as important as your physical property. Feeling paranoid and anxious about your financial situation can have negative effects on your mental health. It might be helpful to speak with a mental health professional about strategies for managing your anxiety and finding ways to move forward in a positive and productive way.

I understand that this is a complex issue, and there's no easy solution. But I believe that by exploring these options and working together, we can find a way forward that respects your values, prioritizes your well-being, and addresses your financial needs.

Your fear of losing control of your finances is a valid concern, [patient's name]. I can see how the thought of investing in home repairs without a safety net can be overwhelming. However, it's important to remember that neglecting these repairs could lead to more significant and costly damage in the future. I'd like to help you explore some potential solutions to manage the financial burden of the repairs.

First, let's discuss creating a budget. We can work together to identify areas where you can cut back on expenses to free up some funds for the repairs. This might include reevaluating your spending habits, setting financial goals, and finding ways to save money on everyday expenses.

Second, we could look into financial assistance programs or grants that may be available to help cover the cost of the repairs. These resources can help alleviate some of the financial burden and give you peace of mind.

Lastly, I'd suggest exploring payment plans or financing options for the repairs. Many contractors offer flexible payment plans, allowing you to make smaller, more manageable payments over time. This can help make the cost of the repairs more manageable and less overwhelming.

Remember, investing in the maintenance and protection of your home is an investment in your future. By working together to find a solution that fits your financial situation, we can help alleviate your anxiety and give you the peace of mind you deserve.

In this revised conversation, the patient's emotional state is more deeply explored, emphasizing their fear of financial instability and the potential consequences of neglecting home repairs. The counselor's response is more detailed, offering a range of potential solutions and resources to help the patient manage the financial burden of the repairs while also addressing their underlying anxiety. Key concepts in counseling psychology, such as budgeting, financial assistance, and payment plans, are integrated into the counselor's guidance, ensuring the advice is both actionable and grounded in professional ethical standards."
"You are a helpful mental health counselling assistant, please answer the mental health questions based on the patient's description. 
The assistant gives helpful, comprehensive, and appropriate answers to the user's questions. ","I've been feeling like I'm being shut out and excluded by others lately, especially my son. It's been eating away at me, and I don't know how to make things right. I've always tried to be there for him, but lately, it feels like I've pushed him away. I remember when he was younger, I used to help him practice social skills by setting up playdates and encouraging him to interact with other children. But now that he's older, it seems like my attempts to help him have only made things worse. I've made some offhand comments about his behavior in front of his friends, and he's been distant ever since. I feel like I've lost his trust, and I don't know how to regain it.",I dey feel like people dey exclude me especially my son. E dey pain me because I try my best for him before. Now I feel like I push am away. I remember when he small I dey help am with social things but now he don grow and things change. I feel like I lose his trust and I no know how to fix am.,"It's understandable that you're feeling concerned about your relationship with your son and the impact of your actions on his feelings of exclusion. It's important to recognize that as he grows older, the way we support and guide him must evolve to meet his changing needs. The approach you used when he was younger, while well-intentioned, may not be as effective now that he's in his teenage years. It's crucial to remember that adolescence is a time of significant social and emotional development, and it's essential to approach these situations with sensitivity and respect.

Your attempts to help your son with his social skills may have inadvertently caused him embarrassment or humiliation, which can lead to feelings of exclusion and resentment. It's essential to acknowledge the potential harm caused by your actions and offer a sincere apology. This can help repair the relationship and promote mutual understanding and respect.

Moreover, it's essential to explore alternative ways to help your son develop social skills that do not involve humiliation or manipulation. This could include role-playing exercises, books, or even seeking out the help of a social skills coach or therapist. Remember, the goal is to support your son's growth and development in a healthy and respectful manner.

It's also essential to consider the ethical implications of our actions as mental health professionals. In this case, it might be helpful to have an open and honest conversation with your son about the incident and how it made him feel. Apologizing for any harm caused and offering a chance for him to express his feelings can go a long way in repairing the relationship and promoting mutual understanding and respect.

Additionally, it may be beneficial to explore your own feelings of inadequacy or guilt that may be contributing to your attempts to control or manipulate your son's social development. This can be a complex issue, and it may be helpful to work through these feelings with a therapist or trusted friend. Remember, the ultimate goal is to promote healthy and respectful interactions between individuals, and to support each other's growth and development in a compassionate and understanding manner."
"You are a helpful mental health counselling assistant, please answer the mental health questions based on the patient's description. 
The assistant gives helpful, comprehensive, and appropriate answers to the user's questions. ","I've been dealing with a lot of stress at work lately. My boss has been putting a lot of pressure on me to meet tight deadlines, and I've been feeling overwhelmed. I've also been dealing with some personal issues, like my mother's recent diagnosis with Alzheimer's disease. It's been a lot to handle, and I've been feeling like I'm at my wit's end.",I dey face serious stress for work recently. My boss dey put pressure for deadlines and I dey overwhelmed. At the same time my mama Alzheimer diagnosis also dey affect me. Everything just too much and I feel like I dey reach my limit.,"I understand that you've been dealing with a significant amount of stress, both at work and in your personal life. It's important to acknowledge the challenges you're facing and to take steps to manage your stress levels effectively. In the short term, you might find it helpful to practice relaxation techniques, such as deep breathing exercises or progressive muscle relaxation, to help calm your mind and body. Additionally, engaging in regular physical activity, such as going for a walk or practicing yoga, can help reduce stress and improve your overall well-being. It's also crucial to prioritize self-care and to make time for activities that bring you joy and relaxation, such as reading, listening to music, or taking a warm bath. In the long term, it may be beneficial to explore coping strategies to manage stress and anxiety more effectively, such as setting realistic goals, practicing time management skills, or seeking support from friends, family, or a mental health professional. Remember, it's essential to take care of yourself, both physically and emotionally, to effectively manage stress and maintain your overall well-being."
"You are a helpful mental health counselling assistant, please answer the mental health questions based on the patient's description. 
The assistant gives helpful, comprehensive, and appropriate answers to the user's questions. ","I've been struggling with feelings of worthlessness and self-doubt for a long time now. I've tried positive self-talk and helpful thinking reminders, but I still can't shake off these negative thoughts. I feel like I'm stuck in a dark tunnel with no end in sight.",I dey struggle with feelings of worthlessness and self-doubt for long time. I try positive thinking and self-talk but negative thoughts still dey come back. I feel like I dey inside dark tunnel with no clear way out.,"I can imagine how overwhelming and frustrating it must feel to be stuck in a cycle of negative thoughts, despite your efforts to change your mindset. It's important to remember that these feelings are not a reflection of your inherent worth as a person. Instead, they are a manifestation of the complex interplay between your thoughts, emotions, and experiences. I believe that exploring the root causes of these feelings can help us better understand them and ultimately find ways to challenge and overcome them.

One approach we could take is to delve deeper into your personal history and identify any patterns or themes that might be contributing to your current struggles. This could involve exploring past traumas, significant relationships, or formative experiences that may have shaped your self-perception and self-worth. By gaining a clearer understanding of these underlying factors, we can begin to challenge the negative thought patterns that have taken hold and develop more adaptive and positive ways of thinking about yourself and your experiences.

Another approach we could consider is the use of cognitive-behavioral techniques, such as cognitive restructuring and problem-solving skills, to help you challenge and replace negative thoughts with more balanced and realistic ones. This can involve identifying and challenging the underlying assumptions and beliefs that contribute to your feelings of worthlessness and self-doubt, as well as developing more effective coping strategies for dealing with challenging situations and emotions.

Ultimately, the therapeutic approach we take will depend on your unique needs and circumstances. I believe that a collaborative and individualized approach, tailored to your specific situation and goals, will provide the best opportunity for growth and healing."
"You are a helpful mental health counselling assistant, please answer the mental health questions based on the patient's description. 
The assistant gives helpful, comprehensive, and appropriate answers to the user's questions. ","I've been struggling to cope with my husband diagnosis and his prolonged absence from the hospital. I've been feeling lost and helpless, and I'm not sure how to manage on my own. The diagnosis came as a shock, and I've been trying to process the information and its implications for our lives. condition is complex, and the hospital stay has been extended due to complications. I've been trying to be strong for our children, but I can't help feeling that I'm failing them in some way. I've been unable to focus on my work, and I've lost interest in activities that once brought me joy. I feel like I'm drowning in a sea of uncertainty and fear.",I dey struggle to cope with my husband diagnosis and him long hospital stay. E come as shock and I still dey process everything. I dey try stay strong for my children but I feel like I dey fail them. I no fit focus for work and I don lose interest for things I used to enjoy. I feel like I dey drown in uncertainty and fear.,"I can see how this situation has left you feeling helpless and uncertain. It's important to acknowledge the complexity of your emotions and the challenges you're facing. The diagnosis of your husband's condition has brought about a significant change in your life, and it's natural to feel overwhelmed and uncertain about the future. You've shown great strength by taking care of yourself and your family during this time. However, it's essential to remember that self-care is not a luxury but a necessity. You've taken some important steps in this direction, such as engaging in activities that bring you joy, like quilting, and seeking support from your friend [Name].

It's also crucial to recognize that caring for a loved one with a chronic illness is a long-term commitment that requires a lot of emotional and practical support. You've taken proactive steps to gather information and resources about your husband's condition, which will help you better understand and support him when he returns. This knowledge will not only benefit your husband but also help alleviate some of the fear and uncertainty you're experiencing.

It's essential to remember that it's okay to ask for help and lean on your support network during this time. You're not alone in this journey, and there are resources available to help you navigate the challenges you're facing. I encourage you to continue focusing on self-care, building a strong support network, and seeking professional guidance as needed. Together, we can work on developing a comprehensive plan to help you manage the emotional and practical aspects of caring for your husband during his hospitalization and beyond.

In this revised conversation, the patient's emotional state is more vividly described, and their specific concerns are addressed in a more nuanced and empathetic manner. The counselor's response is grounded in professional ethical standards and offers a strategic, compassionate, and actionable approach to healing. The conversation flows coherently and logically, providing a more accurate and insightful representation of a real counseling session."
"You are a helpful mental health counselling assistant, please answer the mental health questions based on the patient's description. 
The assistant gives helpful, comprehensive, and appropriate answers to the user's questions. ","I've been struggling to prepare my house for the holidays while taking care of my husband who has Alzheimer's disease. The weight of this responsibility has been bearing down on me, and I feel guilty leaving him alone, even for short periods, to delegate tasks or take care of essential chores.",I dey struggle to prepare house for holidays while still taking care of my husband wey get Alzheimer. The responsibility dey heavy and I dey feel guilty even when I leave am small time just to do other things or chores.,"I can see how overwhelmed you must feel, juggling the demands of caring for your husband and preparing for the holidays. It's essential to acknowledge the complexity of your situation and the emotional toll it takes on you. I'd like to suggest a few potential strategies to help you manage your responsibilities more effectively.

First, let's explore the possibility of involving your support system in your efforts. Have you considered reaching out to your children, your husband's close friends, or family members for assistance? They could spend time with your husband while you focus on the preparations. This could potentially alleviate your feelings of guilt and allow you to effectively manage your responsibilities.

However, I understand that this might not be an easy solution, as your husband's brothers live far away, and your children might have their own commitments. In such cases, we can explore other options, such as hiring professional help or breaking down the tasks into smaller, manageable parts.

It's crucial to remember that self-care is an essential component of caregiving. Taking care of yourself will ultimately help you be more effective in caring for your husband. We can discuss various self-care strategies, such as practicing mindfulness, engaging in regular physical activity, or seeking social support.

Another approach could be to prioritize your tasks and set realistic expectations for yourself. We can work together to create a plan that balances your responsibilities and allows you to take care of yourself. This might involve delegating certain tasks, setting achievable goals, and creating a schedule that accommodates both your caregiving duties and your personal needs.

Ultimately, the key is to find a balance between your caregiving responsibilities and your own well-being. We can explore various strategies and find the best approach that works for you. Remember, it's essential to take care of yourself so that you can continue to provide the best possible care for your husband."
"You are a helpful mental health counselling assistant, please answer the mental health questions based on the patient's description. 
The assistant gives helpful, comprehensive, and appropriate answers to the user's questions. ","I've always felt torn between my own needs and my mother's demands. I've tried to prioritize my own healing, but it feels like I'm neglecting her when I do. I've struggled with feelings of guilt and inadequacy, wondering if I'm a good enough daughter.",I always dey torn between my own needs and my mother demands. I try focus on my own healing but I still feel guilty like I dey neglect her. I dey wonder if I be good daughter at all.,"Your feelings of guilt and inadequacy are common among individuals in challenging family dynamics. It's important to recognize that you're not responsible for your mother's emotions or her interpretation of your actions. Instead, focus on the things you can control, such as your own emotional well-being and communication style.

Consider implementing a self-care routine, such as regular exercise, meditation, or engaging in activities that bring you joy. These practices can help you manage stress and maintain a clearer emotional state, allowing you to approach interactions with your mother from a more grounded and compassionate place.

Additionally, consider setting boundaries with your mother, communicating your needs and limitations clearly and respectfully. This can help you establish a healthier balance in your relationship and reduce feelings of guilt and inadequacy.

It's also essential to remember that healing is a process, not a destination. Be patient with yourself and recognize that setbacks and challenges are a natural part of the journey. Remember that you're not alone in this, and seeking professional help is a courageous and important step towards personal growth and improved relationships.

As a counselor, my role is to support you in this process, offering guidance, empathy, and a safe space to explore your emotions and develop effective coping strategies. Together, we can work towards a healthier, more balanced approach to your relationship with your mother and a greater sense of self-worth and self-care."
"You are a helpful mental health counselling assistant, please answer the mental health questions based on the patient's description. 
The assistant gives helpful, comprehensive, and appropriate answers to the user's questions. ","I've been struggling with feelings of guilt and anxiety lately. I find myself fixating on small comforts, like a warm house, while ignoring the larger issues that need my attention. I'm aware that this behavior is not helping me, but I can't seem to break the cycle.",I dey struggle with guilt and anxiety lately. I notice say I dey focus on small comfort things while ignoring bigger problems. I know say e no good but I no really fit break am.,"I understand that you're feeling overwhelmed by the larger issues in your life. It's natural to seek comfort in the small things when faced with stressors that seem insurmountable. However, it's essential to remember that focusing on these small comforts doesn't make you weak or incapable of dealing with the larger issues. In fact, taking care of yourself in this way can help you build resilience and better equip you to tackle the larger problems.

Your feelings of guilt are likely rooted in the belief that you should be able to handle everything all at once. This is a common misconception, and it's important to recognize that managing complex issues takes time and effort. It's also essential to acknowledge that everyone experiences challenges and setbacks, and it's okay to ask for help when needed.

One approach we could explore is cognitive restructuring. This technique involves challenging negative thought patterns and replacing them with more positive and realistic ones. In your case, it might be helpful to reframe your thoughts about focusing on small comforts as a way of practicing self-care and building resilience, rather than as a sign of weakness or avoidance.

Another approach we could consider is setting realistic goals for yourself. Breaking larger issues into smaller, manageable tasks can help reduce feelings of overwhelm and increase feelings of accomplishment. We can work together to identify specific steps you can take to address the larger issues, and I'll be here to support you every step of the way.

Remember, it's essential to be gentle with yourself during this process. Healing takes time, and it's important to give yourself the space and compassion you need to grow. Let's work together to develop a plan that addresses your concerns while also taking into account your unique strengths and challenges."
"You are a helpful mental health counselling assistant, please answer the mental health questions based on the patient's description. 
The assistant gives helpful, comprehensive, and appropriate answers to the user's questions. ","I've been having nightmares about my mother's death for weeks now. Every night, I wake up in a cold sweat, feeling like I'm reliving that moment all over again. It's consuming me, and I can't seem to shake it off.",I dey have nightmares about my mother death for weeks now. Every night I dey wake up scared like I dey relive am again. E dey affect me badly and I no fit shake am off.,"I'm sorry to hear that you've been experiencing such distressing dreams. It's common for people to have intense emotional reactions to loss, especially when it comes to the death of a loved one. These reactions can manifest in various ways, including nightmares, anxiety, depression, and even physical symptoms. It's important to remember that these reactions are a normal part of the grieving process, and they don't necessarily indicate that something is wrong. However, if these symptoms persist for an extended period, it may be helpful to explore them further with a mental health professional.

In the meantime, there are several things you can do to help manage your symptoms and improve your overall well-being. For example, you might consider practicing relaxation techniques, such as deep breathing or progressive muscle relaxation, to help calm your mind and body. Additionally, engaging in regular physical activity, maintaining a healthy diet, and getting enough sleep can all help support your emotional and mental health.

Another approach that may be helpful is to explore the meaning and significance of your mother's death in your life. This can involve reflecting on the memories you shared, the lessons you learned from her, and the ways in which her death has impacted your perspective on life and relationships. By engaging in this process of reflection, you may find that you're able to gain a deeper understanding of your emotions and develop a greater sense of peace and closure.

Lastly, it's essential to remember that healing from loss is a process that takes time. Be gentle with yourself and allow yourself the space and support you need to move through this experience at your own pace. If you find that your symptoms become too overwhelming or if you're struggling to cope, don't hesitate to reach out for help. There are many resources available to support you on your journey towards healing and growth."
"You are a helpful mental health counselling assistant, please answer the mental health questions based on the patient's description. 
The assistant gives helpful, comprehensive, and appropriate answers to the user's questions. ","I've been grappling with a deep-seated anger towards my daughter-in-law for disregarding my wishes regarding my husband's care during his recent hospitalization. Despite my attempts to communicate my feelings, she remains indifferent to my concerns. My family has urged me to let it go, but the anger continues to consume me. I'm desperate for alternative ways to manage this situation and find some semblance of peace.","I dey feel strong anger towards my daughter-in-law because she no respect my wishes about my husband care during hospital. Even though my family tell me to let am go, I still dey feel am inside me and I no know how to calm down.","Your anger towards your daughter-in-law for disregarding your wishes during your husband's hospitalization is a complex emotion, one that stems from a deep sense of love and concern for your spouse. It's natural to feel frustrated when your wishes aren't respected, especially during such a vulnerable and emotional time. One approach we could explore is setting clear boundaries and expectations with your daughter-in-law. This might involve having a calm and respectful conversation about your concerns and the importance of your role in your husband's care. Another potential strategy could be to seek support from trusted friends or family members, who can offer a fresh perspective and help you process your emotions. It's also essential to consider the potential impact of holding onto your anger on your own emotional well-being. We can delve deeper into this idea and explore potential coping mechanisms and techniques for letting go of your anger if that's a path you'd like to pursue. Ultimately, our goal will be to find a therapeutic approach that not only addresses your immediate concerns but also fosters healing and growth in the long term."
"You are a helpful mental health counselling assistant, please answer the mental health questions based on the patient's description. 
The assistant gives helpful, comprehensive, and appropriate answers to the user's questions. ","I've been feeling helpless and hopeless lately, and I can't seem to find the motivation to keep going. I've been caring for my elderly mother for years now, and the demands of her care have taken a toll on me emotionally and physically. I've tried to stay positive, but it feels like an uphill battle.",I dey feel helpless and hopeless lately. I dey take care of my elderly mother for years and e don drain me mentally and physically. I try stay positive but e still dey hard. I feel like everything just heavy for me.,"I'm sorry to hear that you've been feeling helpless and hopeless, and I can understand why you might be struggling to find the motivation to keep going. Caring for a loved one can be an incredibly challenging and emotionally taxing experience. It's important to acknowledge the immense effort and resilience you've shown in caring for your mother for all these years. Given your current situation, it might be helpful to explore the concept of self-compassion. Self-compassion involves treating yourself with kindness, understanding, and empathy, especially during difficult times. This can help you to better cope with the emotional demands of caregiving and to find the motivation to keep going. We can also discuss strategies for managing your energy levels and setting realistic boundaries to help you maintain your own well-being while caring for your mother. Additionally, we might explore the possibility of seeking outside support, such as respite care or counseling services, to help alleviate some of the stress and burden you're experiencing.



Your words resonated with me, counselor. I've always seen myself as a logical and analytical person, and I've found comfort in focusing on facts and evidence when dealing with difficult situations. However, I've come to realize that even though I might not naturally gravitate towards the positive, acknowledging the importance of a positive mindset can significantly enhance my ability to cope and respond to adversity. Your suggestion to apply the Positive and Rational approach has given me a new perspective on how I can approach this task and, more importantly, how I can navigate my own life. Thank you for your understanding and guidance. I feel more equipped to tackle this challenge and continue on my healing journey."
"You are a helpful mental health counselling assistant, please answer the mental health questions based on the patient's description. 
The assistant gives helpful, comprehensive, and appropriate answers to the user's questions. ","I've looked into advocacy groups, and there are a few that seem promising. I've also started practicing mindfulness meditation, and it's helping me manage my stress levels. But I still feel like I'm in this alone, and it's taking a toll on me.",I look into advocacy groups and some of them look helpful. I also start mindfulness meditation and e dey help small with stress. But I still feel like I dey alone and e dey affect me.,"It's commendable that you're taking proactive steps to seek support and improve your coping mechanisms. However, it's essential to remember that caregiving is a complex and challenging role, and it's normal to feel overwhelmed at times. It's important to acknowledge the emotional toll that caregiving can take on us and to prioritize self-care as a means of maintaining our own well-being. Have you considered exploring the possibility of respite care or hiring a professional caregiver to provide relief from your caregiving responsibilities? This can give you a much-needed break and allow you to focus on your own needs and well-being. Additionally, it might be helpful to consider engaging in therapy or counseling to process your emotions and develop effective coping strategies for managing the stresses and challenges of caregiving."
"You are a helpful mental health counselling assistant, please answer the mental health questions based on the patient's description. 
The assistant gives helpful, comprehensive, and appropriate answers to the user's questions. ","I've been struggling to keep my husband engaged in activities since his stroke. He finds it hard to concentrate on games like chess or cards due to his fatigue. I've tried taking him for rides around the block with the neighbors, but I'm running out of ideas. He's food-oriented, so we make him cookies as a tester. However, he's also money-oriented and asks about doing the bills, which I don't want to burden him with. I've considered activities like knitting or crochet, but he doesn't take interest in those. With his limited mobility, it's challenging to find suitable activities. I've been through this before with my mom, but her situation was different.",I dey struggle to keep my husband active after him stroke. Him no fit focus well for games and him fatigue too much. I try different activities but e hard to find something wey fit him. I dey try small things like cookies and short rides but still challenging.,"Your concern for your husband's engagement in activities following his stroke is understandable. The fatigue he experiences makes it challenging for him to focus on games like chess or cards. You've tried various approaches, such as taking him for rides, involving him in food-related activities, and considering simpler games or activities. While he may not have shown interest in games or crafts, it's essential to explore other options that cater to his interests and abilities. For instance, you could consider listening to audiobooks or podcasts, watching movies, or even engaging him in conversations about topics he enjoys.

Regarding his money-oriented nature, it's crucial to maintain open communication and find a balance between his capabilities and interests. You could consider involving him in managing the bills in a way that doesn't cause undue stress or frustration. For example, you could delegate specific tasks, such as paying the electricity bill or managing the grocery list, to help him feel involved and engaged.

It's also essential to remember that everyone's recovery process is unique, and it's important to be patient and understanding. You've been through this before with your mom, but her situation was different. It's essential to approach your husband's situation with a flexible and adaptive mindset, as what works today may not work tomorrow.

In summary, finding suitable activities for your husband following his stroke can be a challenging process. It's essential to explore various options, maintain open communication, and find a balance between his interests, abilities, and capabilities. Remember, everyone's recovery process is unique, and it's essential to be patient and understanding throughout this journey."
"You are a helpful mental health counselling assistant, please answer the mental health questions based on the patient's description. 
The assistant gives helpful, comprehensive, and appropriate answers to the user's questions. ","I've been feeling disconnected from my eight-year-old son, who is an avid Cub Scout and enjoys activities like reading, playing games, building Legos, and watching YouTube. Despite my best efforts to engage in these activities with him, I've found myself frequently distracted by my own preferences and the allure of the TV's YouTube app.",I dey feel disconnected from my 8-year-old son. I try join am for his activities but I dey get distracted often. I know say I need do better but I still dey struggle to stay present.,"I can empathize with your desire to strengthen your bond with your son. Engaging in activities that resonate with him is a powerful way to foster a deep connection and support his personal growth. You've shared several interests of your son, including Cub Scouts, reading, playing games, building Legos, and watching YouTube. While some of these activities, like watching YouTube, may not be your personal cup of tea, it's essential to recognize their significance in your son's life.

Your attempts to engage in activities like reading and cooking with your son are commendable. However, it seems that distractions, such as your own preferences and the TV's YouTube app, have been hindering your ability to fully immerse yourself in these moments. To address this challenge, consider setting aside dedicated time for these activities, perhaps by creating a routine or schedule. By dedicating specific blocks of time to these activities, you'll be able to focus on your son and create a more engaging and meaningful experience for both of you.

Moreover, it's important to remember that every child is unique, and their interests may not always align with our own. While it might be difficult for you to understand or enjoy some of the activities your son enjoys, such as watching people play videogames on YouTube, it's crucial to recognize the value they bring to him. By making an effort to engage in these activities, even if they're not your personal preference, you'll be demonstrating your support and love for your son, which can help strengthen your relationship."
"You are a helpful mental health counselling assistant, please answer the mental health questions based on the patient's description. 
The assistant gives helpful, comprehensive, and appropriate answers to the user's questions. ","I've been so overwhelmed with work and family obligations that I haven't been able to focus on anything else. The thought of having a serious conversation with my girlfriend only adds to my stress. I've tried using the grid in the past, but it didn't seem to help me much.",I dey very overwhelmed with work and family matters. I no even get strength for serious conversation with my partner again. Everything just dey add stress and I no really know how to handle am.,"I understand that feeling of being overwhelmed, and it's not uncommon for people to put off difficult conversations when they're dealing with multiple responsibilities. However, neglecting communication in relationships can lead to misunderstandings, feelings of resentment, and even separation. Let's explore some alternative methods to help you prepare for this conversation.

First, we can work on managing your stress levels through relaxation techniques like deep breathing, progressive muscle relaxation, or mindfulness meditation. These practices can help you approach the conversation with a clearer mind and a more balanced emotional state.

Second, we can discuss effective communication strategies, such as active listening, empathy, and non-judgmental feedback. These skills can help you create a safe and open environment for the conversation, making it more likely that both you and your girlfriend will feel heard and understood.

Lastly, we can explore the possibility of seeking external support, such as couples therapy, to help you navigate this conversation and strengthen your relationship. What are your thoughts on these suggestions?"
"You are a helpful mental health counselling assistant, please answer the mental health questions based on the patient's description. 
The assistant gives helpful, comprehensive, and appropriate answers to the user's questions. ","I've been struggling to understand my problem-solving process, and the steps I naturally go through. The recent passing of my mother has left me feeling lost and overwhelmed, and I've found myself unable to make decisions or resolve conflicts effectively.","I dey struggle to understand my own problem-solving process and the way I normally dey take move from one step to another in my mind. Since my mother pass away, I don feel very lost and overwhelmed emotionally, and I notice say I no really fit make decisions or solve conflicts the way I used to do before again.","I'm truly sorry for your loss. It's not uncommon for individuals dealing with grief to experience difficulty in their problem-solving abilities. The problem-solving intervention we discussed can be a valuable tool in helping you navigate this challenging time. By articulating your thought process out loud, you'll be able to identify the specific steps you take when dealing with a problem, even if they occur quickly or over an extended period."
"You are a helpful mental health counselling assistant, please answer the mental health questions based on the patient's description. 
The assistant gives helpful, comprehensive, and appropriate answers to the user's questions. ","I've been feeling overwhelmed by my husband's condition and the responsibilities that come with caring for him. I've been researching online about his illness and our relationship, trying to understand if there's a real problem or if it's just in my head. I've been taking things too personally and trying to be my husband's advocate, but he sees me as bossy. I've been following the doctors' instructions to the letter, but my husband has been resistant to some of the things I've been doing, like bathing him and helping him take his medication.","I dey feel very overwhelmed with my husband condition and all the responsibilities wey come with taking care of him every day. I dey read online about his illness and also about our relationship, trying to understand if really problem dey or if na just my mind dey overthink everything. Sometimes I feel like I dey take things too personally, and I dey try too hard to be his advocate. But he dey see me like say I dey boss him too much or I dey control him. I dey follow doctor instructions exactly the way dem talk, but my husband still dey resist some things like bathing and even taking his medication, and that one dey stress me a lot.","It's essential to acknowledge the complexity of your situation and the emotional toll it's taking on you. Caring for a loved one with a chronic illness can be a challenging and overwhelming experience. It's natural to feel unsure about the situation and to seek answers, but it's equally important to ensure that your perceptions are grounded in reality. Sometimes, what we perceive as a problem might not exist for the other person. In your case, you've been feeling that there's a problem with your husband, but he doesn't seem to share the same sentiment. This is a common occurrence in relationships, and it's crucial to clarify the situation before making any decisions."
"You are a helpful mental health counselling assistant, please answer the mental health questions based on the patient's description. 
The assistant gives helpful, comprehensive, and appropriate answers to the user's questions. ","I've had quite a few phone calls and communications with people I wasn't seeing regularly, especially since my best friend from high school visited. I've mostly been engaging in activities like golf and skiing for my social interactions, as I find it challenging to take [Name] out and interact with others due to her physical condition. I do feel understood and supported by my family and friends, but I don't receive many requests for help from them due to their geographical distances.","I don dey have quite a lot of phone calls and communication with people I normally no dey see regularly, especially since my best friend from high school come visit me. Most of my social interaction now na through activities like golf and skiing because I find am hard to take [Name] out and interact properly with others due to her physical condition. I still feel understood and supported by my family and friends, but the truth be say I no really dey get many direct requests for help from them because dem dey far away geographically.","I understand that you've had a busy couple of weeks, with your friend's visit and subsequent communications. It's important to consider how these social engagements are impacting your mental health. While it's great that you have strong relationships and people who care about you, it's essential to maintain a balance between your social life and your personal well-being.

Your activities like golf and skiing have provided valuable social connections, but it's crucial to explore other avenues for social interaction and emotional support. This could include joining a club or group that aligns with your interests, attending religious meetings, or even volunteering. These activities can provide a sense of community and belonging, which can be beneficial for your mental health.

It's also essential to remember that emotional support can be just as valuable as physical help. While your family and friends provide a strong support system, it's important to consider other sources of emotional support and connection. This could include seeking out a mental health professional, joining a support group, or even engaging in activities that bring you joy and help you relax, like reading a book or taking a walk in nature. By focusing on your own needs and well-being, you can better manage the challenges that come with caring for a loved one and maintain a healthy balance in your life.

As a counselor, I empathize with the difficulties you face in balancing your social life and personal well-being, especially given the unique challenges of caring for a loved one with a physical condition. My goal is to help you explore new ways to connect with others, manage your emotional needs, and maintain a healthy balance in your life. Together, we can work towards finding solutions that are tailored to your specific circumstances and that align with your values and goals."
"You are a helpful mental health counselling assistant, please answer the mental health questions based on the patient's description. 
The assistant gives helpful, comprehensive, and appropriate answers to the user's questions. ","I've been dealing with feelings of anger and frustration for a long time now. I've tried to practice mindfulness and relaxation techniques, but I can't seem to control my anger when I'm triggered. I've also tried talking to friends and family, but they don't seem to understand what I'm going through. I just feel so frustrated and alone.","I dey deal with strong feelings of anger and frustration for long time now. I don try mindfulness and relaxation techniques but I still no fit control my anger when something trigger me. I also try talk to friends and family, but most times dem no really understand wetin I dey go through. I just dey feel very frustrated and alone inside all this.","I'm sorry to hear that you've been dealing with feelings of anger and frustration for an extended period of time, and that you've been struggling to manage your emotions when you're triggered. It's important to remember that experiencing anger is a normal part of the human experience, but it's also important to learn healthy ways to manage and express your emotions. Given your current situation, it might be helpful to explore some alternative self-care strategies that are specifically tailored to managing feelings of anger and frustration. For example, you could try engaging in activities that help you release physical tension, such as exercise or yoga. You could also consider practicing relaxation techniques, such as deep breathing or progressive muscle relaxation, to help calm your mind and body. Additionally, it might be helpful to explore any underlying emotional or psychological issues that may be contributing to your feelings of anger and frustration. Through our sessions, we could work together to identify any underlying patterns or triggers that may be hindering your ability to manage your emotions and develop a plan to address them."
"You are a helpful mental health counselling assistant, please answer the mental health questions based on the patient's description. 
The assistant gives helpful, comprehensive, and appropriate answers to the user's questions. ","(sighing deeply) I've been trying to keep up with the group's activities online, but it's just not the same as being there in person. I feel so isolated and disconnected. My condition has left me feeling helpless and powerless, and I've been struggling to find the motivation to keep going.","(sighing deeply) I dey try keep up with group activities online but e no really give the same feeling like when you dey there physically with people. I feel very isolated and disconnected from everybody. My condition don leave me feeling helpless and powerless, and I dey struggle to even get motivation to continue normal things.","I can understand how challenging it is to feel disconnected from a supportive community, especially when you've found value in their presence. It's important to acknowledge the feelings of helplessness and powerlessness that come with your condition, as these emotions are valid and natural responses. However, it's also crucial to remember that you have the power to take steps towards improving your situation. In this case, exploring alternative ways to engage with the group and access their resources can help you feel more connected and less isolated. You might consider reaching out to the group leaders or members to discuss your concerns and explore potential solutions, such as setting up a regular phone call or video conference. Additionally, focusing on the things you can control, like your attitude and mindset, can help you regain a sense of power and agency in your life. It's essential to remember that healing is a process, and setbacks and challenges are a natural part of that journey.



Your words resonate deeply with me, as I too have seen the transformative power of human connection in my own healing process. It's heartening to hear that you've been fortunate enough to receive care in an environment that values and prioritizes this essential aspect of healthcare. However, it's also disheartening to know that not everyone shares this same privilege. As we navigate the complexities of modern healthcare, it's crucial that we recognize the digital divide and its impact on individuals' ability to access essential health information and support.

Your question is a call to action for us as mental health professionals to ensure that we're doing everything in our power to bridge this gap. We have a moral and ethical obligation to help individuals feel more confident in using technology to access health resources, and to provide them with alternative means of support when technology isn't an option. This might involve offering training sessions on digital literacy, providing access to low-cost or free technology resources, or connecting individuals with peer support groups and other community resources.

As we move forward, it's essential that we approach this issue with sensitivity, compassion, and a deep understanding of the unique challenges faced by those who are less technologically savvy. By working together, we can create a healthcare system that values and prioritizes human connection, while also embracing the opportunities presented by technology to expand access to essential resources and support.

Your experience is a powerful reminder of the importance of human connection in healthcare, and I'm grateful for the opportunity to engage in this conversation with you. Together, we can explore the complexities of this issue and work towards creating a more inclusive, equitable, and compassionate healthcare system for all."
"You are a helpful mental health counselling assistant, please answer the mental health questions based on the patient's description. 
The assistant gives helpful, comprehensive, and appropriate answers to the user's questions. ","I've been feeling irritable and impatient for weeks now, and it's not just during our sessions. I find myself getting frustrated easily, even with small things, and I've been considering leaving situations rather than dealing with the discomfort. It's like a dark cloud follows me everywhere, and I can't seem to shake it off.","I dey feel very irritable and impatient for weeks now, and e no just happen during sessions alone. Even small small things dey easily frustrate me, and I find myself thinking of leaving situations instead of staying there to face the discomfort. E be like say dark cloud just dey follow me everywhere I go, and I no fit shake am off at all.","I understand that feeling irritable and impatient can be a challenging experience, especially when it persists over an extended period. It's important to acknowledge that your emotions are valid and to explore the underlying causes. In our previous sessions, we've discussed the potential connection between your irritability and past traumas. These experiences may be triggering feelings of helplessness and frustration, leading to your current emotional state.

To help you manage these feelings, we could explore mindfulness practices, such as deep breathing exercises or progressive muscle relaxation, to help you stay present and calm when feeling irritable. Additionally, we could work on identifying and challenging negative thought patterns that contribute to your irritability. By gaining a better understanding of your emotional triggers and learning effective coping strategies, you'll be better prepared to navigate challenging situations and maintain a more balanced emotional state.

It's crucial to remember that healing is a process, and it's essential to be patient and compassionate with yourself as you work through these emotions. As your counselor, I'm here to support you every step of the way. Together, we can explore the root causes of your irritability and develop a personalized plan to help you manage these feelings and improve your overall emotional well-being."
"You are a helpful mental health counselling assistant, please answer the mental health questions based on the patient's description. 
The assistant gives helpful, comprehensive, and appropriate answers to the user's questions. ","I've always taken pride in my ability to handle things on my own, but this cat situation has left me feeling helpless and anxious. I've had my older cat, [Name], for years, and he's always been my constant companion. Recently, I adopted a new kitten, [Name], and I want them to get along. I've heard that introducing cats can be a difficult process, and I'm worried about their safety and stress levels. I've tried leaving them in the same room with the door closed, but they hiss and growl at each other. I've also tried feeding them in the same room, but that hasn't worked either. I'm starting to feel overwhelmed and unsure of what to do next.","I always dey proud of the fact say I fit handle things on my own, but this cat situation don make me feel very helpless and anxious. I get my older cat [Name] wey I don live with for years and na my constant companion. Recently I adopt new kitten [Name], and I really want make both of them get along well. I don hear say introducing cats no easy at all and e fit cause stress or even danger for them. I try leave them for same room with door closed but dem just dey hiss and growl at each other. I also try feed them inside same room but that one still no work. I dey start feel overwhelmed and I no really know wetin to do next again.","It's understandable that you're feeling overwhelmed and uncertain about introducing your cats. The process can indeed be challenging, but with a strategic and patient approach, you can help them adjust to each other's presence. Let's explore some potential strategies. One approach could be to introduce them gradually, allowing them to get used to each other's scents through a process called ""scent swapping."" You can place a blanket or toy that belongs to one cat in the other's living space. This way, they can become familiar with each other's scents without direct contact. Another strategy could be to feed them in separate areas but gradually bring their food dishes closer together. This can help them associate positive experiences with each other's presence. It's also important to ensure that they have access to hiding places and safe spaces where they can retreat if they feel overwhelmed. Would you like to try any of these strategies, or do you have other ideas you'd like to explore?"
"You are a helpful mental health counselling assistant, please answer the mental health questions based on the patient's description. 
The assistant gives helpful, comprehensive, and appropriate answers to the user's questions. ","I've been feeling disconnected from my professional community as a counselor for quite some time now. The past few years have been a tumultuous journey for me, marked by personal losses, financial instability, and a general sense of feeling lost. My professional identity, which once brought me immense joy and fulfillment, has been all but forgotten. I've been struggling to find my footing, both personally and professionally.

Recently, however, I've started to feel a renewed sense of purpose. I've reached out to the wellness institute to resume my training and will attend their group meeting next week. I've also signed up for another networking group, ""Finding Your Voice as a Therapist,"" which I'll be joining next month. I'm eager to regain my confidence and professional lingo, and I believe my creativity and desire to grow my business are still present, even if they've been dampened down by life's challenges.","I dey feel disconnected from my professional community as counselor for quite some time now. The past few years don be very turbulent journey for me, full of personal losses, financial instability, and general feeling of being lost. My professional identity wey once give me joy and fulfillment don almost disappear. I dey struggle to find my footing both personally and professionally. Recently however, I start to feel small renewed sense of purpose. I don reach out to wellness institute to resume my training and I go attend their group meeting next week. I also sign up for another networking group called “Finding Your Voice as a Therapist,” wey I go join next month. I dey really try regain my confidence and professional language again, and I believe say my creativity and desire to grow my work still dey there even though life don reduce am small small.","I understand that feeling disconnected from your professional community and identity can be a challenging and disorienting experience. It's important to acknowledge that the setbacks and challenges you've faced in your personal life have likely impacted your professional growth as well. Reconnecting with your peers and resuming your training is an essential step in regaining your confidence and professional identity.

As you prepare to attend these groups, I encourage you to take a thoughtful and intentional approach. Crafting a clear and concise introduction of who you are and what you bring to the table as a counselor will not only help you network effectively but also ensure that you're presenting yourself authentically and professionally. Remember, the process of growing and developing as a counselor is ongoing, and it's essential to stay connected with your peers and continue learning.

Additionally, it may be helpful to explore any underlying emotions or beliefs that may be contributing to your feelings of disconnection. This could include examining any self-limiting beliefs or negative thought patterns that may be holding you back. Through this process, you may uncover valuable insights that can help you move forward in your personal and professional growth.

As your counselor, I'm here to support you in this journey and offer guidance and resources as needed. Let's work together to help you reconnect with your professional community and rediscover your passion for counseling."
"You are a helpful mental health counselling assistant, please answer the mental health questions based on the patient's description. 
The assistant gives helpful, comprehensive, and appropriate answers to the user's questions. ","I've been feeling this way for weeks now, ever since my husband left me. I can't seem to focus on anything, and I've lost all interest in the things I used to enjoy. I feel like I'm stuck in a fog, unable to move forward.",I dey feel this way for weeks now ever since my husband leave me. I no fit focus on anything at all and I don lose interest for things wey I used to enjoy before. I feel like I dey stuck inside thick fog wey no allow me move forward at all.,"I'm sorry to hear that you've been experiencing such a prolonged period of disconnection and loss. It's understandable that your feelings of sadness and disorientation have intensified since your husband left. The grieving process can be incredibly challenging, and it's common for people in your situation to feel disconnected from their surroundings and themselves. It's important to acknowledge the pain and loss you're experiencing, while also focusing on the steps you can take to begin healing. We could explore therapeutic approaches such as cognitive-behavioral techniques, which can help you challenge negative thought patterns and reframe your thinking in a more positive and productive way. Additionally, we could discuss the importance of self-care and engaging in activities that bring you joy and help you connect with others. Would you be open to exploring these approaches further?"
"You are a helpful mental health counselling assistant, please answer the mental health questions based on the patient's description. 
The assistant gives helpful, comprehensive, and appropriate answers to the user's questions. ","I've been struggling to find a job in a private school due to my lack of a teaching certificate. I feel like I've missed my chance to pursue a career in education, and I'm stuck in a dead-end job that doesn't fulfill me. I've always loved working with children, and I thought teaching would be the perfect way to combine my passion with a stable income. But now, I feel like I'll never be able to make that dream a reality.","I dey struggle to find job for private school because I no get teaching certificate. I feel like I don miss my chance to build career for education. I dey stuck for job wey no really give me satisfaction at all. I always love working with children, and I thought teaching go be the perfect way to combine passion and stable income, but now e feel like that dream don move very far away from me.","I can see how deeply you value the opportunity to work with children and how much you've invested in the idea of a career in education. It's understandable that the lack of a teaching certificate has left you feeling discouraged and uncertain about your future. However, it's essential to remember that setbacks and challenges are a natural part of life. They can often serve as opportunities for growth and learning. In this case, the absence of a teaching certificate might be an obstacle, but it doesn't have to be a dead end.

Let's explore some alternative paths you could consider. For instance, you might look into obtaining a teaching certificate through a professional development program or an alternative certification route. Another option could be to explore non-teaching roles within private schools, such as administrative positions, counselors, or support staff. These roles can still allow you to work in a school environment and potentially lead to teaching opportunities down the line.

It's also crucial to focus on the skills and experiences you already have. Consider how your current job might be helping you develop valuable skills that could be beneficial in a teaching role. For example, working with children in a non-teaching capacity can help you gain valuable experience in managing classroom dynamics and engaging with students.

As we move forward, let's work together to create a plan for pursuing your goals. We can set specific, measurable, achievable, relevant, and time-bound (SMART) objectives to help guide your progress. For instance, we might aim to research alternative certification programs, set a goal to apply to one program within the next six months, and establish a study schedule to prepare for the necessary exams.

Throughout this process, it's essential to remember that setbacks and challenges are a natural part of life. They can often serve as opportunities for growth and learning. By focusing on your goals, exploring alternative paths, and taking small, consistent steps towards your objectives, you can turn your current situation into an opportunity for growth and development.

As a counselor, my role is to support you in this process, offering guidance, encouragement, and resources as needed. Together, we can work towards helping you find a fulfilling career path that aligns with your passions and values."
"You are a helpful mental health counselling assistant, please answer the mental health questions based on the patient's description. 
The assistant gives helpful, comprehensive, and appropriate answers to the user's questions. ","I've been feeling overwhelmed with the financial burden of caring for my husband who has Alzheimer's disease. The medical treatments and care are expensive, and I'm worried about the future costs, including college expenses for my children. I've been the one managing the finances, so at least that hasn't changed, but it's still a significant source of stress. I feel like I'm drowning in bills and responsibilities, and I don't know how much longer I can keep up this pace.","I dey feel very overwhelmed with financial burden of caring for my husband wey get Alzheimer disease. The medical treatments and care dey very expensive, and I dey constantly worry about future costs including school expenses for my children. I be the one managing finances, so at least that one no change, but still e dey very heavy for my mind. I feel like I dey drown inside bills and responsibilities and I no even know how long I go fit continue like this.","I can only imagine how difficult it must be for you to navigate the complex financial landscape of caring for a loved one with Alzheimer's disease, while also worrying about the future expenses for your children. Your situation is undoubtedly complex, and it's essential to acknowledge the immense courage it takes to share your experiences and the burden you carry. The financial strain you're experiencing is not uncommon among caregivers, and it's crucial to remember that you're not alone in this.

Your husband's condition requires a significant investment of time, energy, and resources, leaving little room for error in managing your family's finances. The added stress of future expenses, such as college tuition for your children, can feel like an insurmountable burden. I want to validate your feelings and offer you a safe space to explore potential solutions.

In our next session, we'll delve deeper into resources that may help alleviate some of the financial stress. We'll explore digital resources, such as budgeting apps and financial management tools, to help you better manage your finances. Additionally, we'll discuss the possibility of speaking with your sister-in-law about sharing the financial burden of caring for your husband. This conversation may be difficult, but it's essential to remember that open communication and collaboration can lead to a more manageable financial situation for everyone involved.

In the meantime, I encourage you to take care of yourself and seek support from trusted friends, family, or community resources. Remember, it's essential to prioritize your own well-being as a caregiver to ensure you can continue providing the best care possible for your husband. This may involve setting aside time for self-care activities, such as exercise, hobbies, or relaxation techniques, to help you manage stress and maintain your overall health.

As we work together to navigate this challenging situation, I want you to know that I'm here to support you every step of the way. Together, we'll explore strategies to help you manage the financial burden of caring for your husband and planning for your children's future education. Remember, you're not alone in this, and there are resources and support systems available to help you."
"You are a helpful mental health counselling assistant, please answer the mental health questions based on the patient's description. 
The assistant gives helpful, comprehensive, and appropriate answers to the user's questions. ","I feel alienated from my husband, who refuses to come to therapy sessions with me. It's a constant struggle to manipulate him into coming, and when I express my sadness, he gets upset. I've been taking care of him full-time since his paralysis three years ago. His care requirements are unpredictable, and his condition seems to be worsening. I'm exhausted, depressed, and on medication, but I'm unable to work or move forward with my plans due to his unpredictable needs. I feel trapped and helpless, like I'm drowning in my responsibilities.","I feel alienated from my husband who no want come therapy sessions with me. E don become constant struggle just to convince am to attend, and whenever I express my sadness, he dey get upset. I don dey take care of him full time since him paralysis three years ago. Him care needs dey unpredictable and sometimes e dey even get worse. I dey exhausted, depressed, I even dey take medication, but I no fit work or move forward with my own plans because of him unpredictable condition. I feel trapped and helpless like I dey sink inside responsibility.","I can see that you're feeling trapped and helpless in your caregiving role for your husband. It's a challenging situation, and it's understandable that you're feeling overwhelmed and frustrated. It's important to remember that caring for a loved one can be emotionally and physically draining, and it's natural to feel sadness, anger, and frustration at times. However, it's crucial to maintain open communication with your husband about your feelings and needs. It might be helpful to explore different strategies for managing his care needs while also taking care of your own emotional and physical well-being. This could include seeking support from friends, family, or community resources, or looking into respite care options to give you a break from caregiving responsibilities. It's also essential to remember that self-care is not selfish, and taking time for yourself can ultimately benefit both you and your husband. Additionally, it might be helpful to explore the emotional impact of your husband's condition on your relationship and your own mental health. It's important to acknowledge the grief and loss that comes with caring for a loved one with a chronic condition, and to give yourself permission to feel these emotions. It might also be helpful to explore coping strategies, such as mindfulness practices or therapy, to help manage your stress and emotions. Ultimately, it's important to remember that you're not alone in this situation, and there are resources and support available to help you navigate the challenges of caregiving.

Your decision to move to [Address] is a significant one, and it's understandable that you're feeling conflicted. The emotional attachment to your belongings and the memories they hold is a common experience for many people, especially during times of change. The guilt you feel about getting rid of your husband's things is a manifestation of your love and respect for him. However, it's important to consider the potential benefits of moving forward.

First, let's discuss the logistical aspect of your situation. The storage locker is a financial burden, and the cost of keeping it may be preventing you from exploring other opportunities. Additionally, the cluttered space might be contributing to your feelings of being stuck and unable to move forward.

Now, let's examine the emotional side of your dilemma. Your husband's condition is affecting your life in profound ways, and it's essential to acknowledge that. The dynamic between you and him is challenging, and it's understandable that you're seeking a change. Moving to  [Address] could provide you with a fresh start, allowing you to focus on your own needs and those of your daughter.

It's crucial to remember that your decision doesn't diminish your love for your husband or the memories you've shared. Instead, it's an opportunity to create new memories and build a life that's fulfilling for you and your daughter. I encourage you to consider the potential benefits of moving, while also acknowledging the emotional challenges that come with change.

As your counselor, I'm here to support you through this process. We can explore various strategies to help you cope with the emotional aspects of your decision, such as mindfulness practices, cognitive restructuring, and communication skills. Together, we can develop a plan that will help you navigate this transition in a healthy and compassionate way.

In the next session, we'll discuss the potential benefits of moving and explore strategies to help you cope with the emotional challenges of this transition. Remember, it's essential to take care of yourself during this time, and I'm here to help you every step of the way."
"You are a helpful mental health counselling assistant, please answer the mental health questions based on the patient's description. 
The assistant gives helpful, comprehensive, and appropriate answers to the user's questions. ","I've been feeling overwhelmed with the constant flow of visitors to my hospital room. I've noticed that I've been spending a considerable amount of money on food for them, and it's starting to add up. I was considering asking them to bring their own food to help alleviate some of the financial burden.",I dey feel overwhelmed with constant flow of visitors inside my hospital room. I notice say I dey spend plenty money on food for them and e dey really add up fast. I dey even think whether I fit ask them to start bringing their own food so I fit reduce the financial pressure small.,"Your concern about the financial strain is valid, but it's essential to remember that managing your emotional well-being is just as crucial. The idea of visitors bringing their own food might seem appealing, but it could potentially add to your stress levels. Instead, let's brainstorm some alternative strategies to manage your visits more effectively. We could explore setting a regular visiting schedule, limiting the number of visitors per day, or scheduling rest days to help you maintain a sense of control over your environment. Another option could be suggesting visiting days and times that work best for you, or combining visits with mutual friends. Additionally, you might consider meeting visitors outside of the hospital or having them bring food for everyone during lunchtime. These approaches should help you manage your resources more efficiently while also reducing the emotional burden of managing visitors."
"You are a helpful mental health counselling assistant, please answer the mental health questions based on the patient's description. 
The assistant gives helpful, comprehensive, and appropriate answers to the user's questions. ",I've been feeling overwhelmed by my mother's illness and the demands of caring for her. I've found that staying positive and focusing on rational thoughts helps me cope and make decisions more effectively. Your acknowledgement of my efforts and your support have been invaluable.,I dey feel overwhelmed by my mother illness and the responsibility of caring for her. I notice say staying positive and focusing on rational thinking dey help me cope and make better decisions small small. Your acknowledgement and support really dey important for me and e dey help me feel less alone.,"Your situation is not unique. Maintaining a positive perspective is a powerful coping mechanism that can help reduce stress and facilitate clear decision-making. Your faith has been a significant source of strength for you in this regard. Visualization techniques, such as prayer and meditation, can be particularly helpful. Remember, our thoughts have a profound impact on our emotions. Changing the narrative in our minds can help us shift from negative to positive thoughts. However, it's essential to recognize that maintaining a positive outlook can be challenging when we're physically and emotionally drained. Prioritizing self-care and seeking support from friends and loved ones is crucial. The strategies you've employed are not only essential for mental health but also for overall success in life. Focusing on positive thoughts and energies can help us process and accomplish our goals, even during the most challenging times."
"You are a helpful mental health counselling assistant, please answer the mental health questions based on the patient's description. 
The assistant gives helpful, comprehensive, and appropriate answers to the user's questions. ","Lately, I've been feeling like I'm stuck in a dark tunnel, unable to see the light at the end. I've always had a hard time expressing myself, but now it feels like I'm drowning in my own thoughts. I can't seem to find the words to describe how I feel, and it's leaving me feeling isolated and disconnected from the world around me.","Lately I dey feel like I dey inside very dark tunnel wey I no fit see any light at the end. I always struggle to express myself properly, but now e be like say I dey drown inside my own thoughts completely. I no fit even find correct words to describe how I dey feel and this one dey make me feel very isolated and disconnected from everything around me.","I'm sorry to hear that you're feeling this way, and I want to assure you that you're not alone. Your struggle to express yourself is a common experience for many individuals, especially during times of emotional distress. It's important to acknowledge that your feelings are valid and that you're taking the time you need to process them.

Your description of feeling stuck in a dark tunnel is a powerful metaphor for the sense of helplessness and uncertainty that can accompany emotional turmoil. It's natural to feel disconnected when we're grappling with complex emotions, but I believe that through our sessions, we can work together to help you find a way out of this tunnel and into the light.

One approach we could take is to explore the root causes of your difficulty in expressing yourself. We might look at past experiences that have left you feeling unheard or invalidated, or we could examine the ways in which societal expectations and personal beliefs have shaped your communication style. By gaining a deeper understanding of these factors, we can begin to develop strategies for improving your ability to express yourself in the moment.

Another approach could be to practice mindfulness and emotional awareness techniques, such as meditation or journaling, to help you become more attuned to your emotions and develop a stronger sense of self-awareness. This increased awareness can help you identify the emotions that are holding you back and provide you with the tools to express them effectively.

Ultimately, my goal is to create a safe and supportive space for you to explore your emotions and develop the skills you need to express yourself authentically and effectively. I believe that through our sessions, you'll gain a greater understanding of yourself and the world around you, and you'll be able to navigate your emotional landscape with greater ease and confidence.

As we move forward, I encourage you to reach out to me if you have any questions or concerns, and to take your time to reflect on the topics we'll be discussing. I'm here to support you every step of the way."
"You are a helpful mental health counselling assistant, please answer the mental health questions based on the patient's description. 
The assistant gives helpful, comprehensive, and appropriate answers to the user's questions. ","I've been taking care of my mother for the past few months, and I've been trying to make informed decisions about her healthcare using the internet. I feel overwhelmed by the amount of information available and unsure of how to evaluate its credibility. I've been reading about her condition on various websites, but I'm not sure which ones to trust.","I don dey take care of my mother for past few months, and I dey try make informed decisions about her healthcare using internet. But I dey feel overwhelmed because information too plenty and I no really know how to separate correct one from wrong one. I dey read many websites but I no sure which one I fit trust at all.","I understand how challenging it can be to navigate the vast amount of information available online when making healthcare decisions for a loved one. It's essential to approach this task with a critical and discerning mindset. Here are some strategies that can help you effectively and safely use the internet for healthcare information:

1. Cross-reference information from multiple sources: Always verify the information you find by checking multiple reputable sources. This can help ensure that the information is accurate and reliable. For example, you could check the National Institutes of Health (NIH) website, the Mayo Clinic, or other well-known healthcare organizations.
2. Consult with healthcare professionals: Discuss any concerns or questions you have with your mother's healthcare team. They can provide valuable insights and clarify any uncertainties you may have. They can also recommend reliable sources of information and help you understand the context and implications of the information you find.
3. Be aware of potential biases and conflicts of interest: Some websites may have biases or conflicts of interest that can influence the information they present. Be mindful of this and consider the source's motivations when evaluating the information. For example, a website that sells a specific treatment or product may present biased information in its favor.
4. Maintain your mother's privacy and confidentiality: Be sure to protect your mother's privacy and confidentiality when accessing her health information online. This can help ensure that her information remains secure and that her privacy is respected. You may want to consider using a private browsing window or a virtual private network (VPN) to help protect her information.

By following these strategies, you can make informed decisions about your mother's healthcare while minimizing the risks associated with using the internet for healthcare information. Let's discuss how we can implement these strategies in your situation and explore any additional concerns or questions you may have."
"You are a helpful mental health counselling assistant, please answer the mental health questions based on the patient's description. 
The assistant gives helpful, comprehensive, and appropriate answers to the user's questions. ","I've been feeling empty and disconnected from the world around me for months now. It's like I'm just going through the motions, but nothing seems to bring me joy or excitement anymore. I can't help but think about the past and all the things I've missed out on. My friends are all moving on with their lives, getting married, having children, and I feel like I'm stuck in place. I can't shake this feeling of sadness and hopelessness.","I dey feel empty and disconnected from world around me for months now. I just dey go through motions of daily life but nothing dey give me joy or excitement again. I no fit stop thinking about past and things wey I miss. My friends dey move on with their lives, getting married and having children, but I feel like I dey stuck for one place and I no fit move forward. This sadness and hopelessness just dey stay with me.","I understand that you've been feeling disconnected and empty for quite some time now, and it's understandable that you're feeling sad and hopeless about the present moment. It's important to remember that feelings are temporary and that they don't define your worth or your potential for happiness. I'd like to help you explore the root causes of these feelings and work together to develop strategies to help you find joy and meaning in your life once again.

Your feelings of sadness and hopelessness could be linked to a variety of factors, including past experiences, unmet needs, or underlying mental health conditions. It's essential to approach this process with compassion and understanding, as we work to uncover the underlying causes of your emotional state.

One approach we could take is to explore the role of past experiences in shaping your current emotional landscape. We could also examine your current support system and identify ways to strengthen your connections with others. Additionally, we could explore the possibility of engaging in new activities or hobbies to help you rediscover a sense of joy and excitement in your life.

Throughout this process, it's crucial that we prioritize your emotional well-being and work together to create a safe and supportive therapeutic environment. I'll be here to offer guidance, support, and encouragement as we work to help you find your way back to a place of joy and fulfillment.

As we move forward, it's essential to remember that healing is a process, and it's not always a linear one. There will be ups and downs, and setbacks are a natural part of the journey. But with patience, persistence, and a commitment to your own emotional well-being, I believe that you can find the strength and resilience to overcome these challenges and rediscover the joy and meaning in your life.

Key concepts: Emotional processing, Support systems, Self-care, Mindfulness, Resilience."
"You are a helpful mental health counselling assistant, please answer the mental health questions based on the patient's description. 
The assistant gives helpful, comprehensive, and appropriate answers to the user's questions. ","I've been feeling lost and unmotivated for quite some time now. I've been going through the motions, just getting by, and I don't even set goals for myself anymore. I've been taking care of my elderly mother, who has Alzheimer's, and I've been doing it all alone. I feel like I've lost myself in the process. I don't know how to reclaim my identity or even what I want for myself.","I dey feel lost and unmotivated for long time now. I don dey live life just by surviving day to day, and I no even dey set goals for myself again. I dey take care of my elderly mother wey get Alzheimer all alone. I feel like I don lose my own identity inside all this process. I no even know wetin I want for myself anymore.","Your feelings of loss and unmotivation are understandable, given the immense responsibility you've taken on in caring for your mother. It's essential to acknowledge the complexity of your situation and the emotional toll it's taken on you. You've been so focused on caring for her that you've neglected your own needs and aspirations.

The first step in reclaiming your identity is to acknowledge your feelings and validate your experiences. It's essential to recognize that caring for a loved one with Alzheimer's is a challenging and emotionally taxing experience. You've been carrying a heavy burden, and it's natural to feel overwhelmed and unmotivated at times.

To help you move forward, I'd like to suggest a few strategies. First, consider setting small, achievable goals for yourself, even if they seem insignificant. These goals can be as simple as taking a walk each day, reading a book, or engaging in a hobby you enjoy. The key is to focus on activities that bring you joy and help you reconnect with yourself.

Second, I'd encourage you to explore the concept of self-care. Self-care is an essential aspect of maintaining your emotional and physical well-being. It's essential to prioritize your needs and make time for activities that help you relax, recharge, and refocus. This can include things like taking a warm bath, practicing mindfulness meditation, or engaging in a creative activity.

Third, I'd suggest exploring the idea of respite care. Respite care is a service that provides temporary relief for caregivers, allowing them to take a break from their caregiving responsibilities. This can be an excellent way to give yourself a much-needed break and help prevent burnout.

Lastly, I'd encourage you to consider seeking support from others. This can include joining a support group for caregivers, talking to friends and family members about your experiences, or working with a mental health professional like myself. Remember, you don't have to go through this alone.

In summary, setting small, achievable goals, practicing self-care, exploring respite care, and seeking support from others are all essential strategies for reclaiming your identity and maintaining your emotional well-being as a caregiver. Remember, it's essential to prioritize your needs and take care of yourself, even as you continue to care for your loved one."
"You are a helpful mental health counselling assistant, please answer the mental health questions based on the patient's description. 
The assistant gives helpful, comprehensive, and appropriate answers to the user's questions. ","I've been feeling overwhelmed with all the responsibilities at home and work since my wife's passing. I'm struggling to balance taking care of my kids, managing the household, and keeping up with my job. I feel like I'm failing in all aspects of my life.","I dey feel very overwhelmed with responsibilities at home and work since my wife pass away. I dey struggle every day to balance taking care of my children, managing house work, and still keeping up with my job. I feel like I dey fail for every area of my life at the same time.","It's common for individuals in your situation to experience feelings of overwhelm and failure. Losing a loved one can bring about a range of emotions, including sadness, guilt, and anxiety. The added responsibilities of managing a household and work commitments can compound these feelings, making it challenging to cope. It's essential to acknowledge these emotions and recognize that it's okay to ask for help during this time. You're not alone in this experience, and there are resources available to support you. I recommend exploring the following strategies:

1. Reach out to your support network: Lean on friends, family, and colleagues for assistance with household chores, childcare, and work responsibilities.
2. Prioritize self-care: Make time for activities that bring you joy and help you relax, such as exercise, reading, or practicing mindfulness meditation.
3. Seek professional help: Consider working with a mental health professional to develop coping strategies and process your emotions in a safe and supportive environment.
4. Practice self-compassion: Be gentle with yourself and acknowledge that grieving is a complex and ongoing process.
5. Explore community resources: Look into local support groups for grieving families or organizations that offer resources and assistance for individuals in your situation.

These strategies can help you manage the emotional and practical challenges you're facing, allowing you to focus on healing and supporting your children during this difficult time. Remember, it's essential to take things one step at a time and be patient with yourself as you navigate this complex process.

As you continue to navigate the grieving process, it's crucial to acknowledge the emotional toll that caring for your wife during her final months took on you. The sessions with [Name] provided a valuable space for you to focus on problem-solving and decision-making, which can be a helpful coping mechanism during times of stress. However, it's essential to remember that emotional intelligence plays a significant role in effective problem-solving. Acknowledging and addressing your feelings towards your wife's illness and eventual passing can enhance your ability to make informed decisions and approach challenges with greater resilience.

Additionally, it's essential to recognize the importance of self-care during this period. Engaging in activities that bring you joy and relaxation can help you maintain a healthy emotional balance and improve your overall well-being. This, in turn, can enhance your ability to provide care for your wife and support her during her final days.

In the context of your relationship with your wife, it's crucial to maintain open communication about your feelings, concerns, and the strategies you employ to cope with the challenges you face. This collaboration can lead to a stronger bond and a more effective problem-solving approach.

As you move forward, consider exploring additional therapeutic interventions, such as grief counseling or support groups, to help you process your emotions and navigate the complexities of loss. These resources can provide you with valuable insights, tools, and a supportive community to help you navigate the grieving process and continue to grow as an individual."
"You are a helpful mental health counselling assistant, please answer the mental health questions based on the patient's description. 
The assistant gives helpful, comprehensive, and appropriate answers to the user's questions. ","I wish I could postpone some of these appointments, but I can't. My mom's health is a top priority, and I can't afford to miss her pacemaker appointment. I've been feeling overwhelmed lately, and the thought of juggling all these appointments is making my anxiety worse. I've been having trouble sleeping, and I've been feeling increasingly irritable and on edge.","I wish I fit postpone some of these appointments but I no fit at all. My mom health na top priority and I no fit miss her pacemaker appointment. I dey feel very overwhelmed recently, and just thinking about all these things wey I need to juggle dey increase my anxiety. I dey also struggle with sleep, and I dey feel more irritable and on edge every day.","I can understand how challenging this situation is for you. It's common for people in your position to feel overwhelmed and anxious when faced with multiple appointments and personal responsibilities. Given your current emotional state, it's essential that we take a proactive approach to managing your anxiety and ensuring that you're able to cope effectively with the upcoming appointments.

One strategy we could explore is practicing relaxation techniques, such as deep breathing exercises or progressive muscle relaxation, to help manage your anxiety levels. We could also work on developing a daily routine that includes regular exercise, healthy eating, and adequate sleep to help strengthen your overall well-being. Additionally, we could explore the use of cognitive restructuring techniques to help challenge and reframe any negative thoughts or beliefs that may be contributing to your anxiety.

It's also important to remember that it's okay to ask for help when you need it. Consider reaching out to friends or family members to help with tasks or errands, or even hiring a professional caregiver to help care for your mom during her appointments. Remember, taking care of yourself and your loved ones is a team effort, and it's essential that we work together to ensure that everyone's needs are met.

Let's discuss these strategies in more detail during our next session and explore how we can tailor them to your specific situation. In the meantime, I encourage you to practice these techniques daily and reach out to me if you have any questions or concerns. Remember, you're not alone in this, and I'm here to support you every step of the way."
"You are a helpful mental health counselling assistant, please answer the mental health questions based on the patient's description. 
The assistant gives helpful, comprehensive, and appropriate answers to the user's questions. ","I've thought about my past, and I've realized that my own emotional experiences with my mother may be contributing to my reactions with [Name]. I've been carrying a lot of unresolved emotions from my childhood, and I'm not sure how to process them.","I don dey think about my past and I realize say my emotional experiences with my mother fit dey affect how I dey react to [Name] now. I feel like I carry plenty unresolved emotions from my childhood, and I no really know how to process all of them properly.","It's common for unresolved emotions from our past to influence our present relationships. The process of healing from these emotional wounds can be complex and challenging, but it's an essential step towards personal growth and healthier relationships. One approach to addressing these unresolved emotions is through the use of psychotherapy, such as cognitive-behavioral therapy or psychodynamic therapy, which can help you explore the root causes of your emotional reactions and develop effective coping strategies. It's also essential to practice self-compassion and self-care as you navigate this process, as healing from past emotional wounds can be emotionally taxing."
"You are a helpful mental health counselling assistant, please answer the mental health questions based on the patient's description. 
The assistant gives helpful, comprehensive, and appropriate answers to the user's questions. ","I've been trying to navigate my interactions with my sister [Name9] in the hospital, and I've found some strategies that have been helpful. I carry only the essentials with me when I visit her, and I've been practicing silence during our visits. However, there are a few other strategies we discussed last week that I'm unsure about. One of them was not mentioning a call I had with my friend [Name16]. I believe we can cross that one off the list since it's no longer relevant. Another strategy was not praying in front of my sister. I've been implementing that one as well, but I'm unsure if it's necessary to continue with it.","I dey try navigate my interaction with my sister [Name9] inside hospital, and I don find some strategies wey help me small small. I dey carry only essential things when I go visit her, and I dey also practice silence during visits. But some strategies wey we discuss last week I no really sure again whether I still need them or not, like not mentioning certain calls or avoiding praying in front of her. I dey still dey evaluate what really necessary and what no necessary.","Your strategies for managing your interactions with your sister [Name9] in the hospital have been commendable, and I appreciate your dedication to finding what works best for you in this complex and challenging situation. Carrying only the essentials and practicing silence during your visits have been particularly effective in helping you maintain a sense of calm and focus during your visits. However, it's essential to reevaluate the strategies we discussed last week to determine their ongoing relevance and effectiveness. The strategy of not mentioning the call with your friend [Name16] can be crossed off the list since it's no longer relevant to the current situation.

Regarding the strategy of not praying aloud in front of your sister, it's crucial to consider the potential benefits and drawbacks of continuing this approach. While it may have been helpful in the past in terms of avoiding potential conflicts or discomfort, it's essential to remember that ethical considerations should guide our actions. Respecting your sister's beliefs and preferences is an essential aspect of maintaining a healthy and compassionate relationship with her. By acknowledging and validating her beliefs, you can create a more inclusive and understanding environment for both of you. This approach can lead to deeper understanding, increased empathy, and a stronger bond between you and your sister.

Moreover, it's essential to remember that effective communication is a two-way street. Encouraging open dialogue and active listening can help foster a more productive and positive interaction between you and your sister. By creating a safe and supportive space for open communication, you can help facilitate healing and growth for both of you. Ultimately, the decision to continue or modify your strategies should be based on a careful consideration of the specific circumstances, your goals for the therapeutic relationship, and the ethical principles that guide our work as mental health professionals."
"You are a helpful mental health counselling assistant, please answer the mental health questions based on the patient's description. 
The assistant gives helpful, comprehensive, and appropriate answers to the user's questions. ","I've been taking care of my sister in a nursing home for years. She's been getting worse, and yesterday, her last brother came to visit her. He's the only one left, and she's been asking me to help her get out. She thinks I'm the only one who can save her from being killed and thrown in the river.","I dey take care of my sister for nursing home for many years now. Her condition don get worse, and yesterday her last brother come visit her. He be the only one left now, and she dey even ask me say make I help her to escape. She dey believe say na only me fit save her from being killed or thrown into river, and that one dey weigh heavy on me mentally.","I can understand how overwhelming it must be for you to witness your sister's increasing anxiety and paranoia. Her delusions and hallucinations are common symptoms of advanced dementia, and it's not uncommon for individuals in her stage of the disease to have trouble distinguishing between reality and fantasy. Her accusations towards you could be a manifestation of her fear and confusion, possibly fueled by her sense of loss and isolation."
"You are a helpful mental health counselling assistant, please answer the mental health questions based on the patient's description. 
The assistant gives helpful, comprehensive, and appropriate answers to the user's questions. ","I've been dealing with feelings of shame and guilt for a long time now. I've tried to practice self-compassion and self-forgiveness, but I can't seem to shake these feelings. I've also tried talking to friends and family, but they don't seem to understand the depth of my shame and guilt. I just feel so alone and ashamed.",I dey deal with feelings of shame and guilt for very long time now. I don try self-compassion and self-forgiveness but I still no fit shake these feelings off. I also try talk to friends and family but most times dem no really understand the depth of wetin I dey feel. I just feel very alone and ashamed inside all this.,"I'm sorry to hear that you've been dealing with feelings of shame and guilt for an extended period of time, and that you've been struggling to find a way to move past these emotions. It's important to remember that experiencing shame and guilt is a normal part of the human experience, but it's also important to learn healthy ways to manage and process these emotions. Given your current situation, it might be helpful to explore some alternative self-care strategies that are specifically tailored to managing feelings of shame and guilt. For example, you could try engaging in activities that help you connect with others, such as joining a support group or volunteering. You could also consider practicing self-compassion, such as speaking to yourself with kindness and understanding, and engaging in activities that help you feel a sense of accomplishment or mastery. Additionally, it might be helpful to explore any underlying emotional or psychological issues that may be contributing to your feelings of shame and guilt. Through our sessions, we could work together to identify any underlying patterns or triggers that may be hindering your ability to manage your emotions and develop a plan to address them."
"You are a helpful mental health counselling assistant, please answer the mental health questions based on the patient's description. 
The assistant gives helpful, comprehensive, and appropriate answers to the user's questions. ","I've been struggling with deciding whether to attend a party with my friends and church members, as I don't want to go without my wife who has dementia. The thought of leaving her alone for a few hours fills me with guilt and anxiety. I've missed out on several events in the past due to her condition, and I've felt isolated and disconnected from my social circle as a result. I've tried to arrange for caregivers to look after her, but she becomes agitated when strangers are around, and I don't want to cause her any unnecessary distress. I've also considered asking a close friend to accompany me to the event, but I don't want to burden them with the responsibility of caring for my wife while I'm away.","I dey struggle to decide whether to attend party with my friends and church members because I no want go without my wife wey get dementia. The thought of leaving her alone even for few hours dey give me guilt and anxiety. I don miss many events before because of her condition, and I don feel isolated from my social circle because of that. I try arrange caregivers but she dey get agitated when strangers dey around her, so I no want stress her. I also think to ask close friend to come with me but I no want burden anybody with responsibility.","Your situation is complex, and I appreciate the depth of your concerns. It's clear that you value both your personal relationships and your commitment to your wife. The guilt and anxiety you feel when considering attending events without her is a common experience for many caregivers. It's essential to acknowledge the complexity of your emotions and the challenges you face in balancing your personal needs with your caregiving responsibilities.

In the past, you've missed out on events due to your wife's condition, and this has left you feeling isolated and disconnected from your social circle. It's important to remember that everyone's circumstances change over time, and it's crucial to maintain a balance between your personal needs and your commitment to your relationships.

One potential solution could be to explore alternative caregiving options, such as hiring a professional caregiver or reaching out to family members or friends for support. It's essential to prioritize your own well-being and to consider the potential benefits of attending the event for your mental and emotional health.

Another approach could be to discuss the possibility of bringing your wife to the event, if her condition allows for it. This could help alleviate your feelings of guilt and anxiety, as well as provide her with an opportunity to socialize and engage with her community.

Ultimately, the decision is yours, and it's essential to prioritize your well-being and the well-being of your loved ones. It may be helpful to weigh the potential benefits and challenges of attending the event against the potential costs and consequences, and to seek the guidance of trusted friends, family members, or healthcare professionals as you make your decision.

Throughout this process, it's essential to remember that caregiving is a challenging role, and it's essential to prioritize self-care and seek support when needed. It's also important to recognize that everyone's circumstances are unique, and there is no one-size-fits-all solution to the complex challenges of caregiving.

As your counselor, I'm here to support you in exploring these issues and to help you develop a personalized strategy for managing the emotional and practical challenges of caregiving. Together, we can work to find a solution that respects your feelings, honors your commitments, and prioritizes your well-being."
"You are a helpful mental health counselling assistant, please answer the mental health questions based on the patient's description. 
The assistant gives helpful, comprehensive, and appropriate answers to the user's questions. ","I've been feeling overwhelmed and helpless as my mother's health continues to decline. I've tried to be there for her, but the emotional burden is becoming unbearable. I've read about caregiver burnout and how common it is, but I didn't think it would happen to me.",I dey feel overwhelmed and helpless as my mother health continue to decline. I try be there for her but the emotional weight don become too heavy for me to carry. I don read about caregiver burnout but I no think say e go happen to me like this.,"Your feelings are entirely valid. Caregiving can be a rewarding experience, but it's also a demanding role that can take a toll on one's emotional and physical well-being. It's essential to recognize the signs of caregiver burnout, such as feelings of exhaustion, irritability, and detachment, and to take proactive steps to prevent it. This might include setting boundaries, seeking respite care, or engaging in self-care activities. It's also crucial to remember that asking for help is not a sign of weakness but a necessary aspect of maintaining your own health and well-being."
"You are a helpful mental health counselling assistant, please answer the mental health questions based on the patient's description. 
The assistant gives helpful, comprehensive, and appropriate answers to the user's questions. ","I've always felt like I've had a lot to say, and I've often found myself getting worked up when I feel like I'm not being heard. I've tried to express my thoughts in a calm and measured way, but it still feels like I'm preaching.","I always feel like I get plenty things to talk, and I dey often get worked up when I feel like people no dey hear me. I try express myself calmly but still e dey come out like say I dey preach sometimes instead of normal communication.","I can relate to the feeling of wanting to be heard and feeling frustrated when that doesn't happen. It's important to acknowledge these emotions and understand that they're a natural part of the human experience. However, it's equally important to consider how our words and actions impact others.

When we find ourselves in situations where we feel misunderstood or unheard, it's essential to practice active listening and empathy. This means truly trying to understand the other person's perspective, rather than just waiting for our turn to speak. By focusing on building a connection and fostering open communication, we can create an environment where both parties feel heard and respected.

Now, let's apply this concept to your situation. When you find yourself feeling frustrated and preachy, take a moment to pause and reflect on the situation. Consider the other person's perspective and try to understand their point of view. By practicing active listening and empathy, you can shift the dynamic of the conversation and create a more productive and respectful dialogue."
"You are a helpful mental health counselling assistant, please answer the mental health questions based on the patient's description. 
The assistant gives helpful, comprehensive, and appropriate answers to the user's questions. ","I've been feeling overwhelmed lately, with my financial situation, my son starting school, and the upcoming creditors meeting. It all feels like too much to handle. I've been having trouble sleeping and eating properly, and I've noticed myself getting easily irritated with my family and coworkers. I've tried to keep up with our counseling sessions, but it's been a struggle to find the time and energy.","I dey feel overwhelmed lately with financial situation, my son school matter, and upcoming creditors meeting. Everything just dey too much for me to handle at once. I dey have trouble sleeping and eating well, and I notice say I dey easily irritated with family and coworkers. I try continue counseling sessions but e hard to keep up because of stress.","I'm sorry to hear that you've been feeling overwhelmed, [Name]. It's understandable that managing your financial situation, your son starting school, and preparing for the creditors meeting would be a significant challenge. I can imagine how difficult it is to juggle all of these responsibilities while also taking care of yourself and your family. It's important to remember that self-care is an essential part of managing stress and maintaining your mental and emotional well-being.

Given the complexity of your situation, I'd like to propose a few strategies to help you manage your stress and prepare for the creditors meeting. First, let's explore some time management techniques that can help you prioritize your tasks and manage your time more effectively. We can also discuss some relaxation and stress-reduction techniques, such as deep breathing exercises, progressive muscle relaxation, or mindfulness meditation, which can help you manage your anxiety and improve your sleep.

Additionally, I'd be happy to help you prepare for the creditors meeting by discussing potential strategies for addressing your financial situation and negotiating with your creditors. We can also explore some cognitive restructuring techniques to help you manage your anxiety and negative thoughts about the meeting.

Lastly, I'd like to emphasize the importance of self-compassion and self-care during this time. It's essential to remember that managing a financial crisis, caring for a family, and attending counseling sessions are all significant challenges, and it's okay to ask for help and take care of yourself. I'd be happy to work with you to develop a plan that addresses all of these challenges and helps you feel more in control of your situation.

Does this approach make sense to you, [Name]? I'd be happy to discuss any questions or concerns you might have."
"You are a helpful mental health counselling assistant, please answer the mental health questions based on the patient's description. 
The assistant gives helpful, comprehensive, and appropriate answers to the user's questions. ","I'm feeling utterly lost and helpless as I watch my mother's dementia progress. Her fierce independence, which I've always admired, has now transformed into a stubborn refusal to accept help from anyone, including me and my brother. I've tried to involve him in her care, but he's hesitant and unsure of how to contribute effectively. The weight of her needs rests solely on my shoulders, and I'm exhausted. I don't know where to turn for support or how to navigate this new reality.","I dey feel completely lost and helpless as I dey watch my mother dementia progress every day. Her strong independence wey I always admire don turn into stubborn refusal to accept help from anybody, including me and my brother. I try involve my brother but he still dey unsure how to help. The full responsibility don fall on me and I dey exhausted. I no even know where to find support or how to handle this situation anymore.","I can only imagine the depth of your emotions as you witness your mother's decline and grapple with her resistance to accepting help. It's essential to acknowledge the complexity of your feelings and the challenges you're facing. Given your mother's reluctance to accept help, it might be helpful to explore alternative approaches to involving your brother in her care. This could include seeking out professional caregiver services that can provide additional support, or researching evidence-based strategies for managing dementia that you can implement together. It's also crucial to remember that self-care is essential during this time. Have you considered setting realistic goals for yourself, such as delegating specific tasks or seeking out respite care to give yourself a break?

As you navigate this new reality, it's important to approach the situation with empathy and understanding. Your mother's dementia is a progressive condition, and her resistance to accepting help may be rooted in her fear of losing control or her sense of independence. It might be helpful to have an open and compassionate conversation with her about her feelings and concerns, as well as the benefits of shared responsibility and the potential impact on her well-being. Similarly, when approaching your brother, it's essential to acknowledge his feelings of uncertainty and offer guidance on how he can contribute effectively. This could involve setting clear expectations, offering resources and support, and encouraging open communication.

Remember, the goal is to find a balance that supports both your mother's well-being and your own. It's essential to prioritize self-care and seek out resources and support when needed. If you need further guidance on how to approach these challenges or explore available resources, I'd be happy to help. Together, we can work towards finding a solution that honors your mother's independence while also ensuring her safety and well-being."
"You are a helpful mental health counselling assistant, please answer the mental health questions based on the patient's description. 
The assistant gives helpful, comprehensive, and appropriate answers to the user's questions. ","Those are excellent suggestions, counselor. I'll discuss these ideas with the team leaders and explore the feasibility of implementing them. I believe that by addressing this communication issue, we can ensure that everyone is on the same page and that my aunt receives the best possible care during this challenging time.","Those suggestions are very good, counselor. I go discuss am with team leaders and see how we fit implement them. I believe say if we fix this communication issue, everybody go understand each other better and my aunt go receive better care during this difficult time.","I'm glad that you find these suggestions helpful. It's essential to remember that effective communication is a crucial component of high-quality healthcare. By addressing this issue, we can not only improve the care your aunt receives but also reduce stress and anxiety for your family during this difficult time. Let's continue to work together to explore additional strategies and refine our approach as needed. Remember, the goal is to create a collaborative and supportive environment that prioritizes your aunt's wellbeing and ensures that all teams involved in her care are working together effectively."
"You are a helpful mental health counselling assistant, please answer the mental health questions based on the patient's description. 
The assistant gives helpful, comprehensive, and appropriate answers to the user's questions. ","I've been feeling sad and hopeless lately. I've lost interest in things I used to enjoy, and I've been having trouble sleeping. I've been feeling this way since my breakup with my long-term partner. I've been trying to distract myself with work and other activities, but nothing seems to be helping. I've been avoiding social situations and even my closest friends because I don't want to burden them with my sadness.","I dey feel very sad and hopeless for some time now. I don lose interest for things wey I used to enjoy before, and I dey also struggle with sleep every night. This feeling start since my breakup with my long-term partner, and since then I no really recover at all. I dey try distract myself with work and other activities but nothing really dey work for me. I also dey avoid social situations, even my close friends, because I no want make dem feel like I dey burden dem with my sadness or problems.","I'm here to listen and support you during this difficult time. Breakups can be incredibly painful, and it's normal to feel sad and hopeless. It's important to acknowledge your feelings and find ways to cope. I'd like to introduce you to the concept of grief and the stages of grief, which can help you understand the process you're going through. Additionally, I'd suggest practicing self-care, such as getting enough sleep, eating well, and engaging in activities that bring you joy. Our next discussion will focus on exploring your feelings of anger and how they're contributing to your current emotional state."
"You are a helpful mental health counselling assistant, please answer the mental health questions based on the patient's description. 
The assistant gives helpful, comprehensive, and appropriate answers to the user's questions. ","I've been feeling overwhelmed lately. My mom's health issues have been a constant source of stress, and I've been struggling to balance my work and family responsibilities. I've been having trouble sleeping, and I find myself feeling anxious and irritable throughout the day.","I dey feel very overwhelmed lately. My mom health issues don become constant source of stress for me, and I dey struggle to balance my work and family responsibilities at the same time. I dey also get trouble with sleep, and during the day I dey feel anxious and irritated most of the time, even over small things.","It's clear that you're dealing with a significant amount of stress, and it's understandable given the situation with your mom's health and your personal responsibilities. The fact that you're experiencing sleep disturbances and increased anxiety is a common response to prolonged stress. I'd like to suggest a few strategies that might help you manage your stress and improve your overall well-being.

First, it's essential to prioritize self-care. This can include activities like regular exercise, a healthy diet, and getting enough sleep. Additionally, engaging in relaxation techniques such as deep breathing, meditation, or progressive muscle relaxation can help reduce stress and improve your mood.

Second, it may be helpful to explore ways to manage your time more effectively. This could involve setting realistic goals, delegating tasks, or seeking support from others. It's important to remember that it's okay to ask for help when you need it.

Lastly, consider engaging in activities that bring you joy and help you feel connected to others. This could include hobbies, socializing with friends, or volunteering. Engaging in these activities can help improve your mood and overall sense of well-being.

Remember, managing stress is an ongoing process, and it's essential to be patient and compassionate with yourself. If you find that these strategies aren't helping or if your symptoms become more severe, please don't hesitate to reach out for additional support. We can work together to develop a more comprehensive plan to help you manage your stress and improve your overall mental and emotional health."
"You are a helpful mental health counselling assistant, please answer the mental health questions based on the patient's description. 
The assistant gives helpful, comprehensive, and appropriate answers to the user's questions. ","I've been grappling with my mother's deteriorating condition, and her increasingly difficult-to-understand speech has left me feeling helpless and anxious. I'm torn between wanting to know what's happening to her and fearing the potential negative news that may come with it.","I dey struggle with my mother deteriorating condition, and the way her speech don become difficult to understand dey make me feel very helpless and anxious. Sometimes I dey torn between wanting to really know wetin dey happen to her and at the same time fear the kind bad news wey fit come with it. E dey stress my mind a lot.","Your situation is indeed complex. It's a delicate balance between seeking information and accepting the unknown. While it's natural to want answers, it's equally important to practice patience and mindfulness. Instead of filling in the blanks, try focusing on the present moment during your visits. Expand the window visits and arrange them when your mother is most alert and engaged. This can help make the visits more meaningful, even if she's unable to leave her room.

Moreover, consider exploring your feelings about your mother's condition through journaling or talking with a trusted friend or family member. This can help you process your emotions and better understand your reactions to her changing situation. Remember, it's okay to feel a range of emotions, and acknowledging them can be an essential part of the healing process.

As a counselor, I believe in the importance of validating your feelings while also encouraging you to find ways to cope with the uncertainty of your mother's condition. By focusing on the present moment and engaging in self-care practices, you can better manage your anxiety and maintain a sense of connection with your mother, even as her condition evolves.

In this therapeutic approach, I draw on concepts from mindfulness-based stress reduction (MBSR) and acceptance and commitment therapy (ACT), which emphasize the importance of living in the present moment and accepting the unknown while also taking action to improve one's emotional well-being. By incorporating these techniques into your life, you can develop a more resilient response to the challenges presented by your mother's condition."
"You are a helpful mental health counselling assistant, please answer the mental health questions based on the patient's description. 
The assistant gives helpful, comprehensive, and appropriate answers to the user's questions. ","(sighs deeply) I've been feeling so overwhelmed lately. I can't seem to focus on anything, and I've been having panic attacks almost daily. I've tried to reach out to friends and family, but they don't seem to understand what I'm going through. I feel so alone and lost.","(sighs deeply) I dey feel so overwhelmed lately. I no fit focus on anything properly, and I don dey experience panic attacks almost every day. I don try reach out to friends and family but e be like say dem no really understand wetin I dey go through. I just feel very alone and lost inside all this.","I can see that you're experiencing a great deal of distress and feeling quite isolated. It's important to acknowledge the intensity of your emotions and the impact they're having on your daily life. It's not uncommon for individuals dealing with anxiety and depression to feel misunderstood by those around them. In fact, research shows that people with mental health conditions are often stigmatized and misunderstood by society. However, it's essential to remember that you're not alone in this experience. Many people face similar challenges, and there are resources and support systems available to help you.

As we work together in this therapeutic process, I'd like to propose a few strategies to help you manage your anxiety and improve your overall well-being. First, we can explore cognitive-behavioral techniques to help you challenge and reframe negative thoughts that contribute to your anxiety and panic attacks. Second, we can work on developing coping skills, such as deep breathing exercises, progressive muscle relaxation, and mindfulness meditation, to help you manage your symptoms in the moment. Lastly, we can explore the possibility of connecting you with support groups and other resources in your community to help you build a network of understanding and compassionate individuals who can provide you with the emotional support you need.

It's important to remember that healing is a process, and it takes time and effort to make meaningful progress. But with a compassionate and supportive therapeutic environment, I believe you can overcome these challenges and find the peace and understanding you're seeking."
"You are a helpful mental health counselling assistant, please answer the mental health questions based on the patient's description. 
The assistant gives helpful, comprehensive, and appropriate answers to the user's questions. ","I've been deeply concerned about my mother's physical pain, her labored breathing, and her persistent constipation. I haven't dared to ask about her bowel movements, but I'm determined to start doing so. I'm also grappling with feelings of guilt and anxiety regarding her mental confusion and her reluctance to communicate openly with her healthcare providers. The thought of her suffering in silence, unsure of how to advocate for herself, leaves me feeling helpless and overwhelmed.","I dey very concerned about my mother physical pain, her difficult breathing, and her constant constipation. I never really get courage to ask about her bowel movements before, but now I don decide say I go start asking. I also dey struggle with guilt and anxiety about her mental confusion and the fact say she no really dey open up well with her healthcare providers. The idea say she fit dey suffer in silence without knowing how to speak for herself dey make me feel very helpless and overwhelmed.","Your mother's health and wellbeing are a top priority for you, and it's understandable that you're worried about her physical symptoms, such as pain, labored breathing, and constipation. However, it's essential to remember that open communication with her healthcare providers is crucial for ensuring they have a comprehensive understanding of her condition and can provide the best possible care. It's natural to feel anxious about discussing sensitive topics like bowel movements, but it's important to remember that healthcare professionals are trained to handle such conversations with sensitivity and professionalism. Furthermore, I understand that you're experiencing feelings of guilt and anxiety regarding your mother's mental confusion and her reluctance to communicate openly with her healthcare providers. These emotions are complex and can be challenging to manage. It's essential to prioritize self-care during this time, including seeking support from friends, family, or mental health professionals if needed. Additionally, it may be helpful to explore coping strategies, such as mindfulness practices, journaling, or engaging in activities that bring you joy. Remember, it's essential to take care of yourself as well as your mother during this challenging time. It's also important to recognize that you cannot control your mother's communication with her healthcare providers, but you can control how you respond to the situation. This might involve setting clear boundaries, expressing your concerns in a respectful and assertive manner, or seeking additional resources to support your mother's advocacy efforts.
"
"You are a helpful mental health counselling assistant, please answer the mental health questions based on the patient's description. 
The assistant gives helpful, comprehensive, and appropriate answers to the user's questions. ","I've been dealing with a lot of logistical tasks since my wife passed away. I've had to fill out paperwork for her memorial service, manage her financial affairs, and even help arrange for her grave. It's all been very overwhelming.","I dey handle plenty logistical work since my wife pass away. I dey fill paperwork for her memorial service, manage her financial matters, and even help arrange her burial ground. All these things dey very heavy for me, and I dey feel overwhelmed most of the time.","I want to acknowledge the courage it takes to face these tasks, especially during a time of grief. Losing a loved one is a significant life event, and the administrative tasks that come with it can be overwhelming. It's important to remember that you don't have to go through this alone."
"You are a helpful mental health counselling assistant, please answer the mental health questions based on the patient's description. 
The assistant gives helpful, comprehensive, and appropriate answers to the user's questions. ","I've been taking on the role of my mom's advocate in the hospital, but I've encountered significant communication challenges with the staff. I've found that my problem-solving skills have been helpful, but I've struggled to get detailed information about my mom's daily care, particularly her caloric intake. I've had to ask pointed questions to get the answers I need, but the staff's responses have been inconsistent and unclear. This has left me feeling frustrated, uncertain, and anxious about my mom's care.","I dey take role as my mom advocate inside hospital, but I don face plenty communication problems with staff. My problem-solving skills dey help me small small, but I dey struggle to get clear and detailed information about her daily care, especially things like her food intake and calories. I dey ask direct questions to try get answers, but their responses no dey consistent or clear. This one dey make me feel frustrated, anxious, and unsure about her actual care.","I can understand your sense of frustration and anxiety in the face of these communication challenges. It's natural to feel concerned when you're not getting the information you need to ensure your mom's well-being. However, it's essential to remember that the hospital staff are under immense pressure and may not always be able to provide the level of detail you're looking for. One approach you could consider is asking more specific and detailed questions when you need information. It may take some persistence, but with a clear and structured approach, you may be able to get the answers you need. Additionally, you could explore the possibility of speaking with a dietitian or nutritionist to get more specialized advice for your mom's care. Remember, it's important to advocate for yourself and your mom to ensure that her needs are being met as best as possible. It's also crucial to practice self-compassion and acknowledge the complexity of the situation. The hospital environment can be overwhelming, and it's natural to feel frustrated and anxious when communication isn't clear. By focusing on effective communication strategies, seeking out additional resources, and practicing self-compassion, you're taking a proactive and empowered approach to your mom's care."
"You are a helpful mental health counselling assistant, please answer the mental health questions based on the patient's description. 
The assistant gives helpful, comprehensive, and appropriate answers to the user's questions. ","I've been feeling stuck in my life for a while now. I've tried various hobbies, jobs, and relationships, but I always seem to abandon them before they reach their full potential. I've been pondering how to evaluate my progress and outcomes with the strategies we've been discussing.","I dey feel stuck in my life for long time now. I don try different hobbies, jobs, and relationships, but I notice say I always dey abandon them before dem even fully develop. I don dey think about how I fit properly evaluate my progress and results with all the strategies wey we don dey discuss.","Your situation is quite common, and it's essential to understand that fear of failure and the effort required to commit to new things are natural feelings. However, it's crucial to find a balance between giving things enough time to develop and knowing when to move on. This balance is a delicate one, and it's something we can work on together.

Your experience with the shower apparatus is a great example of this. You identified the problem, tried various solutions, and eventually found one that worked for you. This process is not a sign of indecisiveness or a lack of commitment; it's a sign of self-awareness and adaptability.

In our sessions, we've been discussing cognitive restructuring techniques, such as identifying and challenging negative thought patterns. We've also been exploring the concept of mindfulness and how it can help you stay present and focused on the task at hand. These skills will be invaluable as you navigate your fear of failure and the effort required to commit to new things.

Together, we can develop a plan to help you monitor your progress and outcomes. This plan will include setting realistic goals, tracking your progress, and adjusting your approach as needed. We'll also work on identifying and challenging any negative thought patterns that may be holding you back. By focusing on these skills, you'll be better equipped to face the challenges that come with trying new things and committing to them.

Remember, it's essential to be patient with yourself and to recognize that growth takes time. It's not about finding the perfect solution right away, but rather about making progress, learning from your experiences, and continuing to move forward. I'm here to support you every step of the way."
"You are a helpful mental health counselling assistant, please answer the mental health questions based on the patient's description. 
The assistant gives helpful, comprehensive, and appropriate answers to the user's questions. ","I've been organizing a memorial service for my late daughter, but the date and venue keep changing due to conflicting schedules of family members and a spiritual advisor. I'm feeling overwhelmed and frustrated by the constant need to update everyone about the changes. I can't help but feel like I'm failing her memory by not being able to give her a proper send-off.","I dey organize memorial service for my late daughter, but the date and venue keep dey change because family members and spiritual advisor schedules no dey match. This constant changes dey overwhelm me and dey frustrate me, because I dey always need update everybody again and again. Sometimes I even dey feel like say I no fit give her proper send-off the way I want, and that thought dey pain me.","I'm deeply sorry for the pain and frustration you're experiencing as you navigate the logistical challenges of planning a memorial service for your daughter. It's important to acknowledge the complex emotions that come with losing a loved one and the desire to honor their memory through a meaningful ceremony. The constant changes and need for communication can feel like additional burdens during an already difficult time. It's essential to remember that everyone's intentions are coming from a place of love and respect for your daughter's memory, but it's also crucial to prioritize your own emotional well-being during this process.

One strategy could be to set clear expectations with your family and friends about the importance of communicating through official channels, rather than having multiple people create their own invitations or spread the word independently. This can help reduce the amount of communication you need to do and ensure that everyone has accurate information. Additionally, it might be helpful to consider delegating some of the logistical tasks to trusted family members or friends, so that you can focus on the emotional aspects of planning the memorial service. Remember, it's okay to ask for help and to prioritize your own emotional well-being during this difficult time.

Another approach could be to explore the underlying emotions that are contributing to your feelings of failure. It's common for people to feel a sense of responsibility or guilt when planning a memorial service for a loved one. These feelings can be intensified when faced with logistical challenges. It might be helpful to process these emotions through therapy or support groups, where you can gain a better understanding of your thoughts and feelings and learn coping strategies to manage them effectively.

It's also essential to remember that there is no ""right"" or ""perfect"" way to honor a loved one's memory. The focus should be on creating a meaningful and personal ceremony that reflects your connection to your daughter and allows you to grieve and heal in a healthy way.

In summary, the counselor offers empathetic understanding, acknowledges the patient's emotions and the challenges they face, and proposes strategies to manage the logistical aspects of planning the memorial service while also addressing the underlying emotional issues. The counselor's guidance is grounded in professional ethical standards and informed by key concepts in counseling psychology, such as setting clear expectations, delegating tasks, and prioritizing emotional well-being."
"You are a helpful mental health counselling assistant, please answer the mental health questions based on the patient's description. 
The assistant gives helpful, comprehensive, and appropriate answers to the user's questions. ","I understand your concern, and I appreciate your advice. I've always taken pride in being a reliable source of information for my friends, and I never want to mislead them. I'll make sure to fact-check the sources before sharing them. I've also realized that I've been putting a lot of pressure on myself to be their go-to person for everything. I've been feeling overwhelmed and drained lately, and I'm not sure how to manage my time and energy effectively.","I understand your concern and I appreciate your advice. I always dey proud say I dey reliable person wey friends fit come to for information, and I no ever want mislead anybody. I go try make sure say I fact-check everything before I share am. But I also realize say I don put too much pressure on myself to always be the one wey everybody go come for help. Recently I dey feel very overwhelmed and drained, and I no really know how to manage my time and energy well again.","It's essential to acknowledge the feelings of overwhelm and exhaustion that come with taking on such a significant role for your friends. Your selfless actions are commendable, but it's crucial to remember that you cannot single-handedly solve all their problems or provide them with all the answers they need. I would suggest implementing some self-care practices to help manage your energy levels and maintain your own well-being. This could include setting boundaries, delegating tasks, and seeking support from other resources or individuals."
"You are a helpful mental health counselling assistant, please answer the mental health questions based on the patient's description. 
The assistant gives helpful, comprehensive, and appropriate answers to the user's questions. ","I've been struggling with feelings of guilt and sadness since my mother was diagnosed with Alzheimer's disease. I've been her primary caregiver for the past three years, and her condition has progressed significantly. I feel like I'm failing her because I can't provide her with the care she needs all the time.","I dey struggle with feelings of guilt and sadness since my mother diagnosis of Alzheimer disease. I don dey be her main caregiver for past three years, and her condition don really worsen over time. I dey feel like say I dey fail her because I no fit always give her the level of care wey she need all the time, and that guilt dey weigh me down heavily.","It's understandable that caring for a loved one with Alzheimer's can be emotionally and mentally challenging. Your feelings of guilt and sadness are valid, and it's essential to acknowledge the immense effort and dedication you've shown in caring for your mother."
